"CT County Subdivisions,Year",Year,Town,Juvenile arrests Rate,"Juvenile arrests, Total arrests, 10 to 17 years, Number","Total population, 10 to 17 years, Number"
"9,011,299,102,003",2003,Franklin,446.43,1,224
"9,005,433,702,000",2000,Litchfield,,,
"9,001,863,702,010",2010,Wilton,1396.46,41,2936
"9,003,705,501,999",1999,Southington,,,
"9,007,153,501,998",1998,Clinton,,,
"9,003,447,002,000",2000,Manchester,,,
"9,011,159,102,009",2009,Colchester,2379.84,51,2143
"9,009,475,352,001",2001,Milford,,,
"9,003,849,002,010",2010,Wethersfield,3082.06,83,2693
"92,009",2009,Connecticut,4769.49,18626,390524
"9,007,352,302,010",2010,Haddam,628.27,6,955
"9,013,449,102,000",2000,Mansfield,,,
"9,009,622,902,005",2005,Prospect,,,
"9,009,356,502,010",2010,Hamden,2310.96,125,5409
"9,001,486,202,001",2001,Monroe,,,
"9,013,859,502,010",2010,Willington,0,0,601
"9,011,423,902,007",2007,Lebanon,852.88,8,938
"9,003,458,202,000",2000,Marlborough,,,
"9,015,627,102,005",2005,Putnam,,,
"9,013,178,002,009",2009,Coventry,2306.65,34,1474
"9,011,489,002,001",2001,Montville,,,
"9,011,426,002,007",2007,Ledyard,1150.03,22,1913
"9,015,360,002,010",2010,Hampton,0,0,186
"9,009,465,202,000",2000,Meriden,,,
"9,001,634,802,005",2005,Redding,,,
"9,007,180,802,009",2009,Cromwell,8286.12,117,1412
"9,009,499,502,001",2001,Naugatuck,,,
"9,005,433,702,007",2007,Litchfield,5656.57,56,990
"9,003,370,702,010",2010,Hartford,8318.77,1190,14305
"9,007,473,602,000",2000,Middletown,,,
"9,001,639,702,005",2005,Ridgefield,,,
"9,001,185,002,009",2009,Danbury,7151.03,500,6992
"9,003,504,402,001",2001,New Britain,,,
"9,009,445,602,007",2007,Madison,1686.02,45,2669
"9,003,371,402,010",2010,Hartland,947.87,2,211
"9,009,475,352,000",2000,Milford,,,
"9,003,653,702,005",2005,Rocky Hill,,,
"9,001,188,502,009",2009,Darien,711.53,24,3373
"9,001,505,802,001",2001,New Canaan,,,
"9,003,447,002,007",2007,Manchester,18400.59,994,5402
"9,005,372,802,010",2010,Harwinton,2958.58,20,676
"9,001,486,202,000",2000,Monroe,,,
"9,005,664,202,005",2005,Salisbury,,,
"9,007,191,302,009",2009,Deep River,10105.26,48,475
"9,001,508,602,001",2001,New Fairfield,,,
"9,013,449,102,007",2007,Mansfield,4247.39,57,1342
"9,013,379,102,010",2010,Hebron,1095.14,16,1461
"9,011,489,002,000",2000,Montville,,,
"9,009,676,102,005",2005,Seymour,,,
"9,009,195,502,009",2009,Derby,5152.03,61,1184
"9,005,513,502,001",2001,New Hartford,,,
"9,003,458,202,007",2007,Marlborough,1430.43,11,769
"9,005,402,902,010",2010,Kent,757.58,2,264
"9,009,499,502,000",2000,Naugatuck,,,
"9,001,681,702,005",2005,Shelton,,,
"9,007,208,102,009",2009,Durham,1165.05,12,1030
"9,009,520,702,001",2001,New Haven,,,
"9,009,465,202,007",2007,Meriden,8721.19,579,6639
"9,015,405,002,010",2010,Killingly,2650.47,48,1811
"9,003,504,402,000",2000,New Britain,,,
"9,003,689,402,005",2005,Simsbury,,,
"9,003,220,702,009",2009,East Granby,1134.52,7,617
"9,011,523,502,001",2001,New London,,,
"9,009,469,402,007",2007,Middlebury,1337.79,12,897
"9,007,407,102,010",2010,Killingworth,967.35,8,827
"9,001,505,802,000",2000,New Canaan,,,
"9,013,692,202,005",2005,Somers,,,
"9,007,222,802,009",2009,East Haddam,969.93,10,1031
"9,005,526,302,001",2001,New Milford,,,
"9,007,473,602,007",2007,Middletown,7533.57,303,4022
"9,011,423,902,010",2010,Lebanon,1722.28,16,929
"9,001,508,602,000",2000,New Fairfield,,,
"9,003,713,902,005",2005,South Windsor,,,
"9,007,224,902,009",2009,East Hampton,2397.74,34,1418
"9,003,521,402,001",2001,Newington,,,
"9,009,475,352,007",2007,Milford,4707.45,247,5247
"9,011,426,002,010",2010,Ledyard,1404.65,26,1851
"9,005,513,502,000",2000,New Hartford,,,
"9,009,696,402,005",2005,Southbury,,,
"9,003,226,302,009",2009,East Hartford,8243.99,446,5410
"9,001,529,802,001",2001,Newtown,,,
"9,001,486,202,007",2007,Monroe,953.08,26,2728
"9,011,432,302,010",2010,Lisbon,2645.5,15,567
"9,009,520,702,000",2000,New Haven,,,
"9,003,705,502,005",2005,Southington,,,
"9,009,229,102,009",2009,East Haven,2380.09,66,2773
"9,009,538,902,001",2001,North Branford,,,
"9,011,489,002,007",2007,Montville,4875.62,98,2010
"9,005,433,702,010",2010,Litchfield,1981.23,19,959
"9,011,523,502,000",2000,New London,,,
"9,013,720,902,005",2005,Stafford,,,
"9,011,234,002,009",2009,East Lyme,1227.62,24,1955
"9,005,540,302,001",2001,North Canaan,,,
"9,009,499,502,007",2007,Naugatuck,3153.28,115,3647
"9,011,442,102,010",2010,Lyme,0,0,237
"9,005,526,302,000",2000,New Milford,,,
"9,001,730,702,005",2005,Stamford,,,
"9,003,248,002,009",2009,East Windsor,6169.15,62,1005
"9,009,548,702,001",2001,North Haven,,,
"9,003,504,402,007",2007,New Britain,13618.05,1014,7446
"9,009,445,602,010",2010,Madison,1269.84,36,2835
"9,003,521,402,000",2000,Newington,,,
"9,015,734,202,005",2005,Sterling,,,
"9,001,238,902,009",2009,Easton,351.49,4,1138
"9,001,560,602,001",2001,Norwalk,,,
"9,001,505,802,007",2007,New Canaan,1053.98,33,3131
"9,003,447,002,010",2010,Manchester,13576.1,727,5355
"9,001,529,802,000",2000,Newtown,,,
"9,011,737,702,005",2005,Stonington,,,
"9,013,253,602,009",2009,Ellington,864.06,15,1736
"9,011,562,702,001",2001,Norwich,,,
"9,001,508,602,007",2007,New Fairfield,1134.12,23,2028
"9,013,449,102,010",2010,Mansfield,4357.63,58,1331
"9,005,540,302,000",2000,North Canaan,,,
"9,001,741,902,005",2005,Stratford,,,
"9,005,757,302,005",2005,Thomaston,,,
"9,003,259,902,009",2009,Enfield,8376.11,359,4286
"9,013,720,902,001",2001,Stafford,,,
"9,007,573,202,001",2001,Old Saybrook,,,
"9,005,513,502,007",2007,New Hartford,1376.72,11,799
"9,003,458,202,010",2010,Marlborough,508.26,4,787
"9,009,548,702,000",2000,North Haven,,,
"9,009,520,702,007",2007,New Haven,14188.19,1829,12891
"9,015,758,702,005",2005,Thompson,,,
"9,007,262,702,009",2009,Essex,854.7,6,702
"9,009,576,002,001",2001,Orange,,,
"9,001,266,202,009",2009,Fairfield,1252.88,87,6944
"9,009,465,202,010",2010,Meriden,8411.63,564,6705
"9,011,555,002,000",2000,North Stonington,,,
"9,011,523,502,007",2007,New London,9537.34,235,2464
"9,009,583,002,001",2001,Oxford,,,
"9,009,469,402,010",2010,Middlebury,317.12,3,946
"9,005,526,302,007",2007,New Milford,3578.82,121,3381
"9,013,762,902,005",2005,Tolland,,,
"9,003,276,002,009",2009,Farmington,7644.2,220,2878
"9,001,560,602,000",2000,Norwalk,,,
"9,015,599,802,001",2001,Plainfield,,,
"9,007,470,802,010",2010,Middlefield,723.33,4,553
"9,003,521,402,007",2007,Newington,5973.76,173,2896
"9,005,765,702,005",2005,Torrington,,,
"9,003,312,402,009",2009,Glastonbury,2402.08,111,4621
"9,011,562,702,000",2000,Norwich,,,
"9,003,601,202,001",2001,Plainville,,,
"9,007,473,602,010",2010,Middletown,1768.61,72,4071
"9,001,529,802,007",2007,Newtown,2077.85,79,3802
"9,001,772,002,005",2005,Trumbull,,,
"9,003,326,402,009",2009,Granby,2356.02,36,1528
"9,007,573,202,000",2000,Old Saybrook,,,
"9,005,607,502,001",2001,Plymouth,,,
"9,009,475,352,010",2010,Milford,7622.89,397,5208
"9,005,534,702,007",2007,Norfolk,518.13,1,193
"9,013,782,502,005",2005,Vernon,,,
"9,001,336,202,009",2009,Greenwich,1520.03,118,7763
"9,009,583,002,000",2000,Oxford,,,
"9,009,787,402,005",2005,Wallingford,,,
"9,001,486,202,010",2010,Monroe,105.78,3,2836
"9,001,730,702,001",2001,Stamford,,,
"9,009,538,902,007",2007,North Branford,3141.99,52,1655
"9,011,339,002,009",2009,Griswold,1669.2,22,1318
"9,015,599,802,000",2000,Plainfield,,,
"9,009,800,702,005",2005,Waterbury,,,
"9,011,489,002,010",2010,Montville,2591.46,51,1968
"9,011,737,702,001",2001,Stonington,,,
"9,009,548,702,007",2007,North Haven,1230.3,32,2601
"9,011,342,502,009",2009,Groton,1768.83,58,3279
"9,003,601,202,000",2000,Plainville,,,
"9,011,802,802,005",2005,Waterford,,,
"9,005,494,602,010",2010,Morris,1498.13,4,267
"9,001,741,902,001",2001,Stratford,,,
"9,011,555,002,007",2007,North Stonington,6013.75,35,582
"9,009,349,502,009",2009,Guilford,3846.15,105,2730
"9,005,607,502,000",2000,Plymouth,,,
"9,005,804,902,005",2005,Watertown,,,
"9,009,499,502,010",2010,Naugatuck,5568.05,198,3556
"9,003,745,402,001",2001,Suffield,,,
"9,001,560,602,007",2007,Norwalk,5910.56,456,7715
"9,007,352,302,009",2009,Haddam,1698.51,16,942
"9,007,618,002,000",2000,Portland,,,
"9,003,825,902,005",2005,West Hartford,,,
"9,003,504,402,010",2010,New Britain,7632.25,567,7429
"9,005,757,302,001",2001,Thomaston,,,
"9,011,562,702,007",2007,Norwich,8222.22,333,4050
"9,009,356,502,009",2009,Hamden,4345.41,235,5408
"9,009,622,902,000",2000,Prospect,,,
"9,009,828,702,005",2005,West Haven,,,
"9,001,505,802,010",2010,New Canaan,384.16,13,3384
"9,015,758,702,001",2001,Thompson,,,
"9,011,570,402,007",2007,Old Lyme,1777.25,15,844
"9,003,370,702,009",2009,Hartford,11678.78,1687,14445
"9,015,627,102,000",2000,Putnam,,,
"9,001,834,302,005",2005,Weston,,,
"9,001,508,602,010",2010,New Fairfield,1761.07,37,2101
"9,013,762,902,001",2001,Tolland,,,
"9,007,573,202,007",2007,Old Saybrook,2728.13,29,1063
"9,013,379,102,009",2009,Hebron,771.39,11,1426
"9,001,639,702,000",2000,Ridgefield,,,
"9,001,835,002,005",2005,Westport,,,
"9,005,513,502,010",2010,New Hartford,1334.95,11,824
"9,005,765,702,001",2001,Torrington,,,
"9,009,576,002,007",2007,Orange,3920.42,67,1709
"9,015,405,002,009",2009,Killingly,3382.43,62,1833
"9,003,653,702,000",2000,Rocky Hill,,,
"9,003,849,002,005",2005,Wethersfield,,,
"9,009,520,702,010",2010,New Haven,8196.07,1030,12567
"9,001,772,002,001",2001,Trumbull,,,
"9,009,583,002,007",2007,Oxford,1358.11,19,1399
"9,011,423,902,009",2009,Lebanon,751.07,7,932
"9,005,664,202,000",2000,Salisbury,,,
"9,011,523,502,010",2010,New London,6780.35,167,2463
"9,015,599,802,007",2007,Plainfield,4865.77,87,1788
"9,005,765,702,002",2002,Torrington,,,
"9,013,782,502,001",2001,Vernon,,,
"9,005,757,301,998",1998,Thomaston,,,
"9,003,043,002,004",2004,Berlin,1772.73,39,2200
"9,011,426,002,009",2009,Ledyard,1495.73,28,1872
"9,007,618,002,006",2006,Portland,3710.94,38,1024
"9,001,238,901,999",1999,Easton,,,
"9,013,062,602,009",2009,Bolton,950.87,6,631
"9,001,772,002,002",2002,Trumbull,,,
"9,009,875,602,004",2004,Wolcott,4376.93,85,1942
"9,009,787,402,001",2001,Wallingford,,,
"9,013,720,901,999",1999,Stafford,,,
"9,015,674,002,009",2009,Scotland,476.19,1,210
"9,001,047,202,004",2004,Bethel,2603.23,58,2228
"9,015,758,701,998",1998,Thompson,,,
"9,011,621,502,006",2006,Preston,591.72,3,507
"9,003,371,402,008",2008,Hartland,2202.64,5,227
"9,015,867,902,010",2010,Windham,7278.21,169,2322
"9,001,730,701,999",1999,Stamford,,,
"9,009,877,002,004",2004,Woodbridge,2327.45,29,1246
"9,009,800,702,001",2001,Waterbury,,,
"9,015,610,302,007",2007,Pomfret,722.02,4,554
"9,011,432,302,006",2006,Lisbon,6629.83,36,543
"9,013,782,502,002",2002,Vernon,,,
"9,003,447,002,009",2009,Manchester,16347.05,878,5371
"9,009,622,902,006",2006,Prospect,1036.76,11,1061
"9,013,762,901,998",1998,Tolland,,,
"9,005,864,402,010",2010,Winchester,6834.53,76,1112
"9,009,787,402,002",2002,Wallingford,,,
"9,005,049,302,004",2004,Bethlehem,683.37,3,439
"9,011,737,701,999",1999,Stonington,,,
"9,011,068,202,009",2009,Bozrah,1418.44,4,282
"9,015,881,902,004",2004,Woodstock,2330.29,23,987
"9,013,778,302,000",2000,Union,,,
"9,011,802,802,001",2001,Waterford,,,
"9,005,879,102,004",2004,Woodbury,2443.61,26,1064
"9,005,160,502,010",2010,Colebrook,0,0,182
"9,005,765,701,998",1998,Torrington,,,
"9,011,299,102,004",2004,Franklin,2242.15,5,223
"9,005,804,902,001",2001,Watertown,,,
"9,003,059,102,004",2004,Bloomfield,11513.32,229,1989
"9,001,741,901,999",1999,Stratford,,,
"9,005,797,202,002",2002,Washington,,,
"9,011,442,102,006",2006,Lyme,0,0,223
"9,013,062,602,004",2004,Bolton,2037.62,13,638
"9,015,405,002,008",2008,Killingly,4854.37,90,1854
"9,011,570,402,005",2005,Old Lyme,,,
"9,005,664,202,001",2001,Salisbury,,,
"9,013,010,802,005",2005,Andover,,,
"9,003,825,902,001",2001,West Hartford,,,
"9,001,634,802,006",2006,Redding,2640.26,32,1212
"9,013,449,102,009",2009,Mansfield,4119.85,55,1335
"9,009,800,702,002",2002,Waterbury,,,
"9,003,745,401,999",1999,Suffield,,,
"9,001,772,001,998",1998,Trumbull,,,
"9,011,423,902,008",2008,Lebanon,748.66,7,935
"92,010",2010,Connecticut,4032.49,15821,392338
"9,011,299,101,999",1999,Franklin,,,
"9,009,012,202,005",2005,Ansonia,,,
"9,009,828,702,001",2001,West Haven,,,
"9,011,786,002,000",2000,Voluntown,,,
"9,013,778,301,998",1998,Union,,,
"9,011,802,802,002",2002,Waterford,,,
"9,009,469,402,009",2009,Middlebury,645.16,6,930
"9,001,080,702,004",2004,Bridgeport,8872.84,1450,16342
"9,015,758,701,999",1999,Thompson,,,
"9,005,659,302,006",2006,Roxbury,0,0,251
"9,005,804,902,002",2002,Watertown,,,
"9,015,014,302,005",2005,Ashford,,,
"9,007,816,802,001",2001,Westbrook,,,
"9,005,795,102,000",2000,Warren,,,
"9,015,881,902,005",2005,Woodstock,,,
"9,003,020,602,005",2005,Avon,,,
"9,013,782,501,998",1998,Vernon,,,
"9,003,084,902,004",2004,Bristol,5142.76,317,6164
"9,005,433,702,008",2008,Litchfield,8673.47,85,980
"9,001,238,902,002",2002,Easton,,,
"9,005,322,901,999",1999,Goshen,,,
"9,011,662,102,006",2006,Salem,1263.54,7,554
"9,001,834,302,001",2001,Weston,,,
"9,005,664,202,006",2006,Salisbury,246.91,1,405
"9,011,662,102,007",2007,Salem,536.67,3,559
"9,013,762,901,999",1999,Tolland,,,
"9,011,716,702,001",2001,Sprague,,,
"9,001,089,802,004",2004,Brookfield,1759.53,36,2046
"9,011,786,001,998",1998,Voluntown,,,
"9,009,877,002,005",2005,Woodbridge,,,
"9,009,828,702,002",2002,West Haven,,,
"9,003,825,902,002",2002,West Hartford,,,
"9,005,765,701,999",1999,Torrington,,,
"9,009,676,102,006",2006,Seymour,6659.01,116,1742
"9,009,073,102,004",2004,Branford,4099.29,109,2659
"9,015,360,002,003",2003,Hampton,1421.8,3,211
"9,005,797,202,008",2008,Washington,3957.78,15,379
"9,001,835,002,001",2001,Westport,,,
"9,005,027,602,005",2005,Barkhamsted,,,
"9,013,010,802,006",2006,Andover,973.24,4,411
"9,009,787,401,998",1998,Wallingford,,,
"9,003,043,002,005",2005,Berlin,,,
"9,003,849,002,001",2001,Wethersfield,,,
"9,015,091,902,004",2004,Brooklyn,2826.86,24,849
"9,001,772,001,999",1999,Trumbull,,,
"9,007,816,802,002",2002,Westbrook,,,
"9,009,032,502,000",2000,Beacon Falls,,,
"9,003,101,002,004",2004,Burlington,1740.64,20,1149
"9,013,449,102,008",2008,Mansfield,4932.74,66,1338
"9,007,473,602,009",2009,Middletown,3082.61,125,4055
"9,009,676,102,001",2001,Seymour,,,
"9,009,045,802,005",2005,Bethany,,,
"9,001,863,702,001",2001,Wilton,,,
"9,001,639,702,006",2006,Ridgefield,946.55,34,3592
"9,001,486,202,009",2009,Monroe,142.86,4,2800
"9,001,835,002,002",2002,Westport,,,
"9,013,782,501,999",1999,Vernon,,,
"9,005,795,101,998",1998,Warren,,,
"9,015,674,002,007",2007,Scotland,2369.67,5,211
"9,015,674,002,006",2006,Scotland,0,0,211
"9,015,734,202,001",2001,Sterling,,,
"9,001,047,202,005",2005,Bethel,,,
"9,005,864,402,001",2001,Winchester,,,
"9,015,121,302,004",2004,Canterbury,2090.03,13,622
"9,005,797,201,998",1998,Washington,,,
"9,003,849,002,002",2002,Wethersfield,,,
"9,003,504,402,009",2009,New Britain,8352.39,621,7435
"9,009,045,802,000",2000,Bethany,,,
"9,011,786,001,999",1999,Voluntown,,,
"9,005,402,902,003",2003,Kent,2238.81,6,268
"9,013,859,502,002",2002,Willington,,,
"9,003,059,102,005",2005,Bloomfield,,,
"9,015,867,902,001",2001,Windham,,,
"9,011,299,102,002",2002,Franklin,,,
"9,003,653,702,006",2006,Rocky Hill,2364.48,41,1734
"9,013,062,602,005",2005,Bolton,,,
"9,009,800,701,998",1998,Waterbury,,,
"9,009,141,602,004",2004,Cheshire,2532.68,93,3672
"9,005,049,302,000",2000,Bethlehem,,,
"9,011,786,002,005",2005,Voluntown,,,
"9,009,787,401,999",1999,Wallingford,,,
"9,013,379,102,008",2008,Hebron,1726.62,24,1390
"9,003,870,002,001",2001,Windsor,,,
"9,009,032,502,006",2006,Beacon Falls,3369.07,22,653
"9,003,689,402,006",2006,Simsbury,1975.82,67,3391
"9,001,863,702,002",2002,Wilton,,,
"9,005,659,302,007",2007,Roxbury,1200,3,250
"9,007,143,002,004",2004,Chester,1511.34,6,397
"9,011,802,801,998",1998,Waterford,,,
"9,009,499,502,009",2009,Naugatuck,6079.2,218,3586
"9,005,864,402,002",2002,Winchester,,,
"9,009,073,102,005",2005,Branford,,,
"9,003,870,702,001",2001,Windsor Locks,,,
"9,011,662,102,005",2005,Salem,,,
"9,005,322,902,002",2002,Goshen,,,
"9,001,080,702,005",2005,Bridgeport,,,
"9,005,513,502,009",2009,New Hartford,857.84,7,816
"9,005,797,201,999",1999,Washington,,,
"9,011,432,302,003",2003,Lisbon,1145.04,6,524
"9,007,153,502,004",2004,Clinton,6328.23,91,1438
"9,005,804,901,998",1998,Watertown,,,
"9,003,458,202,008",2008,Marlborough,258.06,2,775
"9,009,875,602,001",2001,Wolcott,,,
"9,015,360,001,999",1999,Hampton,,,
"9,009,800,701,999",1999,Waterbury,,,
"9,015,867,902,002",2002,Windham,,,
"9,001,683,102,007",2007,Sherman,0,0,463
"9,001,730,702,006",2006,Stamford,3216.27,348,10820
"9,015,360,002,004",2004,Hampton,966.18,2,207
"9,011,159,102,004",2004,Colchester,3036.54,59,1943
"9,001,681,702,001",2001,Shelton,,,
"9,003,084,902,005",2005,Bristol,,,
"9,009,877,002,001",2001,Woodbridge,,,
"9,003,122,702,004",2004,Canton,5432.78,59,1086
"9,013,164,002,004",2004,Columbia,4568.53,27,591
"9,003,870,002,002",2002,Windsor,,,
"9,011,802,801,999",1999,Waterford,,,
"9,003,825,901,998",1998,West Hartford,,,
"9,005,082,102,000",2000,Bridgewater,,,
"9,005,679,602,005",2005,Sharon,,,
"9,009,877,002,000",2000,Woodbridge,,,
"9,001,089,802,005",2005,Brookfield,,,
"9,005,879,102,001",2001,Woodbury,,,
"9,015,674,002,005",2005,Scotland,,,
"9,009,828,701,998",1998,West Haven,,,
"9,003,870,702,002",2002,Windsor Locks,,,
"9,005,526,302,009",2009,New Milford,1352.54,46,3401
"9,001,681,702,006",2006,Shelton,2339.46,98,4189
"9,005,804,901,999",1999,Watertown,,,
"9,011,442,102,003",2003,Lyme,469.48,1,213
"9,009,875,602,002",2002,Wolcott,,,
"9,015,091,902,005",2005,Brooklyn,,,
"9,015,881,902,001",2001,Woodstock,,,
"9,005,659,302,005",2005,Roxbury,,,
"9,013,178,002,004",2004,Coventry,2395.62,35,1461
"92,004",2004,Connecticut,6463.67,24656,381455
"9,007,816,801,998",1998,Westbrook,,,
"9,009,045,802,006",2006,Bethany,851.06,6,705
"9,003,504,402,008",2008,New Britain,13212.37,983,7440
"9,001,683,102,006",2006,Sherman,646.55,3,464
"9,003,825,901,999",1999,West Hartford,,,
"9,005,402,901,999",1999,Kent,,,
"9,013,010,802,002",2002,Andover,,,
"9,003,745,402,006",2006,Suffield,1429.46,23,1609
"9,007,180,802,004",2004,Cromwell,9031.32,124,1373
"9,005,879,102,002",2002,Woodbury,,,
"9,009,469,402,006",2006,Middlebury,908.06,8,881
"9,013,692,202,006",2006,Somers,1403.51,16,1140
"9,001,834,301,998",1998,Weston,,,
"9,011,523,502,009",2009,New London,7998.38,197,2463
"9,015,881,902,002",2002,Woodstock,,,
"9,003,122,702,005",2005,Canton,,,
"9,009,012,202,002",2002,Ansonia,,,
"9,015,627,102,006",2006,Putnam,1284.58,13,1012
"9,007,352,302,002",2002,Haddam,,,
"9,015,138,102,005",2005,Chaplin,,,
"9,009,538,902,009",2009,North Branford,3119.38,52,1667
"9,009,828,701,999",1999,West Haven,,,
"9,005,049,302,006",2006,Bethlehem,683.37,3,439
"9,001,185,002,004",2004,Danbury,5641.17,388,6878
"9,001,835,001,998",1998,Westport,,,
"9,011,489,002,008",2008,Montville,2605.21,52,1996
"9,015,014,302,002",2002,Ashford,,,
"9,005,109,402,000",2000,Canaan,,,
"9,007,816,801,999",1999,Westbrook,,,
"9,009,012,202,003",2003,Ansonia,6319.51,125,1978
"9,011,555,002,008",2008,North Stonington,3658.54,21,574
"9,009,141,602,005",2005,Cheshire,,,
"9,009,469,402,008",2008,Middlebury,657.17,6,913
"9,011,423,901,999",1999,Lebanon,,,
"9,013,778,302,001",2001,Union,,,
"9,011,426,002,008",2008,Ledyard,2114.16,40,1892
"9,003,020,602,002",2002,Avon,,,
"9,011,737,702,006",2006,Stonington,8471.85,158,1865
"9,015,138,102,000",2000,Chaplin,,,
"9,003,689,402,001",2001,Simsbury,,,
"9,001,834,301,999",1999,Weston,,,
"9,003,849,001,998",1998,Wethersfield,,,
"9,007,473,602,008",2008,Middletown,5027.24,203,4038
"9,007,191,302,004",2004,Deep River,12815.53,66,515
"9,015,360,002,002",2002,Hampton,,,
"9,015,014,302,003",2003,Ashford,1394.42,7,502
"9,005,027,602,002",2002,Barkhamsted,,,
"9,009,032,502,001",2001,Beacon Falls,,,
"9,013,859,501,998",1998,Willington,,,
"9,003,020,602,003",2003,Avon,3310.61,68,2054
"9,011,562,702,009",2009,Norwich,6438.19,263,4085
"9,011,159,102,005",2005,Colchester,,,
"9,001,835,001,999",1999,Westport,,,
"9,009,195,502,004",2004,Derby,2681.66,31,1156
"9,007,143,002,000",2000,Chester,,,
"9,003,101,002,005",2005,Burlington,,,
"9,003,043,002,002",2002,Berlin,,,
"9,009,045,802,001",2001,Bethany,,,
"9,009,045,802,004",2004,Bethany,1605.84,11,685
"9,005,027,602,003",2003,Barkhamsted,1843.32,8,434
"9,001,863,701,998",1998,Wilton,,,
"9,011,786,002,001",2001,Voluntown,,,
"9,001,486,202,008",2008,Monroe,434.15,12,2764
"9,007,208,102,004",2004,Durham,4545.45,44,968
"9,003,849,001,999",1999,Wethersfield,,,
"9,007,470,802,003",2003,Middlefield,1757.81,9,512
"9,001,047,202,002",2002,Bethel,,,
"9,013,164,002,005",2005,Columbia,,,
"9,005,049,302,001",2001,Bethlehem,,,
"9,009,032,502,003",2003,Beacon Falls,2660.41,17,639
"9,001,188,502,004",2004,Darien,1664.25,46,2764
"92,005",2005,Connecticut,,,
"9,005,864,401,998",1998,Winchester,,,
"9,003,220,702,004",2004,East Granby,3225.81,19,589
"9,011,068,202,006",2006,Bozrah,724.64,2,276
"9,005,513,502,008",2008,New Hartford,1363.07,11,807
"9,005,795,102,001",2001,Warren,,,
"9,001,683,102,005",2005,Sherman,,,
"9,007,222,802,004",2004,East Haddam,1948.72,19,975
"9,001,772,002,006",2006,Trumbull,5336.06,235,4404
"9,013,720,902,003",2003,Stafford,2785.92,38,1364
"9,003,059,102,002",2002,Bloomfield,,,
"9,003,447,002,008",2008,Manchester,16932.79,912,5386
"9,003,458,202,009",2009,Marlborough,384.12,3,781
"9,015,867,901,998",1998,Windham,,,
"9,011,716,702,005",2005,Sprague,,,
"9,013,062,602,002",2002,Bolton,,,
"9,013,859,501,999",1999,Willington,,,
"9,001,863,701,999",1999,Wilton,,,
"9,013,782,502,006",2006,Vernon,5953.31,153,2570
"9,005,797,202,001",2001,Washington,,,
"9,013,164,002,000",2000,Columbia,,,
"9,009,538,902,008",2008,North Branford,2649.01,44,1661
"9,007,224,902,004",2004,East Hampton,3287.07,45,1369
"9,005,160,502,000",2000,Colebrook,,,
"9,003,371,402,002",2002,Hartland,,,
"9,009,073,102,002",2002,Branford,,,
"9,009,045,802,003",2003,Bethany,1333.33,9,675
"9,001,047,202,003",2003,Bethel,2595.08,58,2235
"9,013,692,202,001",2001,Somers,,,
"9,005,864,401,999",1999,Winchester,,,
"9,003,043,002,003",2003,Berlin,2497.73,55,2202
"9,005,172,402,000",2000,Cornwall,,,
"9,003,226,302,004",2004,East Hartford,12856.61,685,5328
"9,013,178,002,005",2005,Coventry,,,
"9,005,372,802,008",2008,Harwinton,2674.59,18,673
"9,001,080,702,002",2002,Bridgeport,,,
"9,003,870,001,998",1998,Windsor,,,
"9,003,870,701,998",1998,Windsor Locks,,,
"9,005,082,102,006",2006,Bridgewater,1025.64,2,195
"9,013,778,302,005",2005,Union,,,
"9,001,185,002,005",2005,Danbury,,,
"9,005,082,102,001",2001,Bridgewater,,,
"9,003,059,102,003",2003,Bloomfield,10100,202,2000
"9,009,012,201,999",1999,Ansonia,,,
"9,011,068,202,001",2001,Bozrah,,,
"9,003,084,902,002",2002,Bristol,,,
"9,009,469,401,999",1999,Middlebury,,,
"9,013,062,602,003",2003,Bolton,2031.25,13,640
"9,009,229,102,004",2004,East Haven,3908.45,111,2840
"9,009,875,601,998",1998,Wolcott,,,
"9,001,188,502,005",2005,Darien,,,
"9,005,402,902,002",2002,Kent,,,
"9,015,867,901,999",1999,Windham,,,
"9,003,870,001,999",1999,Windsor,,,
"9,005,526,301,999",1999,New Milford,,,
"9,015,014,301,999",1999,Ashford,,,
"9,005,172,402,005",2005,Cornwall,,,
"9,009,073,102,003",2003,Branford,6581.9,176,2674
"9,005,494,602,003",2003,Morris,2482.27,7,282
"9,007,618,002,009",2009,Portland,1299.91,14,1077
"9,001,089,802,002",2002,Brookfield,,,
"9,009,877,001,998",1998,Woodbridge,,,
"9,003,248,002,004",2004,East Windsor,8849.56,90,1017
"9,015,091,902,001",2001,Brooklyn,,,
"9,005,494,602,006",2006,Morris,2545.45,7,275
"9,003,870,701,999",1999,Windsor Locks,,,
"9,007,191,302,005",2005,Deep River,,,
"9,003,020,601,999",1999,Avon,,,
"9,003,825,902,006",2006,West Hartford,7746.27,530,6842
"9,005,027,602,010",2010,Barkhamsted,1716.74,8,466
"9,015,091,902,002",2002,Brooklyn,,,
"9,009,475,352,008",2008,Milford,9973.25,522,5234
"9,001,080,702,003",2003,Bridgeport,7439.37,1224,16453
"9,007,153,502,005",2005,Clinton,,,
"9,013,859,502,005",2005,Willington,,,
"9,001,560,602,008",2008,Norwalk,4831.66,376,7782
"9,009,195,502,005",2005,Derby,,,
"9,009,800,702,006",2006,Waterbury,9020.14,1124,12461
"9,001,238,902,004",2004,Easton,1798.2,18,1001
"9,011,716,702,006",2006,Sprague,5740.18,19,331
"9,003,101,002,010",2010,Burlington,1599.39,21,1313
"9,003,101,002,002",2002,Burlington,,,
"9,005,526,302,008",2008,New Milford,2270.72,77,3391
"9,009,676,102,000",2000,Seymour,,,
"9,013,720,902,006",2006,Stafford,3908.55,53,1356
"9,003,043,001,999",1999,Berlin,,,
"9,005,757,302,006",2006,Thomaston,2583.42,24,929
"9,007,180,802,005",2005,Cromwell,,,
"9,011,802,802,006",2006,Waterford,7176.81,151,2104
"9,003,713,902,006",2006,South Windsor,2936.68,96,3269
"9,011,234,002,004",2004,East Lyme,3078.5,60,1949
"9,001,863,702,005",2005,Wilton,,,
"9,015,121,302,002",2002,Canterbury,,,
"9,003,521,402,008",2008,Newington,5591.77,163,2915
"9,001,681,702,000",2000,Shelton,,,
"9,001,834,302,008",2008,Weston,578.03,10,1730
"9,005,864,402,005",2005,Winchester,,,
"9,015,758,702,006",2006,Thompson,2224.28,24,1079
"9,005,109,402,010",2010,Canaan,2803.74,3,107
"9,001,047,201,999",1999,Bethel,,,
"9,005,804,902,006",2006,Watertown,2658.33,68,2558
"9,009,696,402,006",2006,Southbury,2122.64,45,2120
"9,009,045,802,010",2010,Bethany,1072.39,8,746
"9,015,121,302,010",2010,Canterbury,1016.95,6,590
"9,003,122,702,002",2002,Canton,,,
"9,009,499,502,008",2008,Naugatuck,5420.35,196,3616
"9,003,689,402,000",2000,Simsbury,,,
"9,009,787,402,006",2006,Wallingford,4470.94,210,4697
"9,015,867,902,005",2005,Windham,,,
"9,013,762,902,006",2006,Tolland,2143.23,41,1913
"9,009,828,702,006",2006,West Haven,8352.36,439,5256
"9,001,834,302,006",2006,Weston,788.83,13,1648
"9,003,059,101,999",1999,Bloomfield,,,
"9,009,548,702,009",2009,North Haven,2201.14,58,2635
"9,003,122,702,010",2010,Canton,1980.2,24,1212
"9,009,141,602,002",2002,Cheshire,,,
"9,003,601,202,009",2009,Plainville,10229.89,178,1740
"9,013,692,202,000",2000,Somers,,,
"9,001,741,902,006",2006,Stratford,4121.8,222,5386
"9,003,870,002,005",2005,Windsor,,,
"9,005,765,702,006",2006,Torrington,6123.02,220,3593
"9,007,816,802,006",2006,Westbrook,2215.66,15,677
"9,013,778,302,007",2007,Union,0,0,71
"9,009,520,702,008",2008,New Haven,11358.84,1452,12783
"9,001,560,602,009",2009,Norwalk,4803.77,377,7848
"9,015,138,102,010",2010,Chaplin,6896.55,16,232
"9,009,073,101,999",1999,Branford,,,
"9,001,505,802,008",2008,New Canaan,1088.65,35,3215
"9,003,713,902,000",2000,South Windsor,,,
"9,005,082,102,009",2009,Bridgewater,1098.9,2,182
"9,003,870,702,005",2005,Windsor Locks,,,
"9,011,570,402,008",2008,Old Lyme,1531.21,13,849
"9,007,153,502,002",2002,Clinton,,,
"9,003,521,401,999",1999,Newington,,,
"9,005,679,602,006",2006,Sharon,754.72,2,265
"9,011,523,502,008",2008,New London,10064.94,248,2464
"9,003,059,102,010",2010,Bloomfield,5106.83,98,1919
"9,009,141,602,010",2010,Cheshire,3263.1,127,3892
"9,011,159,102,002",2002,Colchester,,,
"9,001,508,602,008",2008,New Fairfield,1851.85,38,2052
"9,001,080,701,999",1999,Bridgeport,,,
"9,011,786,002,007",2007,Voluntown,2473.5,7,283
"9,009,875,602,005",2005,Wolcott,,,
"9,007,573,202,008",2008,Old Saybrook,4549.68,49,1077
"9,009,445,602,008",2008,Madison,1138.03,31,2724
"9,001,529,802,009",2009,Newtown,1906.67,76,3986
"9,009,696,402,000",2000,Southbury,,,
"9,011,562,702,008",2008,Norwich,7915.44,322,4068
"9,011,570,402,009",2009,Old Lyme,1406.8,12,853
"9,007,143,002,010",2010,Chester,934.58,4,428
"9,013,164,002,002",2002,Columbia,,,
"9,009,012,202,010",2010,Ansonia,5105.39,109,2135
"9,003,705,502,000",2000,Southington,,,
"9,001,529,802,008",2008,Newtown,2259.89,88,3894
"9,003,084,901,999",1999,Bristol,,,
"9,003,870,702,010",2010,Windsor Locks,3173.37,41,1292
"9,003,705,502,006",2006,Southington,2395.08,109,4551
"9,003,084,902,010",2010,Bristol,2588.62,157,6065
"9,007,153,502,010",2010,Clinton,5446.62,75,1377
"9,005,540,302,008",2008,North Canaan,3693.18,13,352
"9,007,573,202,009",2009,Old Saybrook,5596.33,61,1090
"9,005,879,102,005",2005,Woodbury,,,
"92,002",2002,Connecticut,,,
"9,011,489,002,009",2009,Montville,2674.07,53,1982
"9,013,720,902,000",2000,Stafford,,,
"9,013,010,801,998",1998,Andover,,,
"9,009,465,202,008",2008,Meriden,9037.68,602,6661
"9,001,089,801,999",1999,Brookfield,,,
"9,005,607,502,009",2009,Plymouth,1329.6,19,1429
"9,009,548,702,008",2008,North Haven,1795.26,47,2618
"9,009,576,002,009",2009,Orange,1432.66,25,1745
"9,009,012,202,006",2006,Ansonia,10024.45,205,2045
"9,013,178,002,002",2002,Coventry,,,
"9,011,716,702,009",2009,Sprague,321.54,1,311
"9,001,730,702,000",2000,Stamford,,,
"9,015,014,302,006",2006,Ashford,202.02,1,495
"9,009,877,002,010",2010,Woodbridge,2110.39,26,1232
"9,009,012,201,998",1998,Ansonia,,,
"9,009,465,202,009",2009,Meriden,7960.5,532,6683
"9,007,618,002,001",2001,Portland,,,
"9,015,091,901,999",1999,Brooklyn,,,
"9,009,583,002,009",2009,Oxford,555.17,8,1441
"9,007,180,802,002",2002,Cromwell,,,
"9,007,222,802,010",2010,East Haddam,1535.51,16,1042
"9,011,737,702,000",2000,Stonington,,,
"9,015,218,602,010",2010,Eastford,1086.96,2,184
"9,003,020,602,006",2006,Avon,2188.18,50,2285
"9,005,879,102,010",2010,Woodbury,617.28,7,1134
"9,005,534,702,008",2008,Norfolk,5612.24,11,196
"9,001,185,002,010",2010,Danbury,4618.67,324,7015
"9,015,014,301,998",1998,Ashford,,,
"9,015,599,802,009",2009,Plainfield,4450.7,79,1775
"9,003,101,001,999",1999,Burlington,,,
"9,001,505,802,009",2009,New Canaan,333.33,11,3300
"9,001,741,902,000",2000,Stratford,,,
"9,001,238,902,010",2010,Easton,0,0,1165
"9,005,027,602,006",2006,Barkhamsted,2455.36,11,448
"9,015,881,902,010",2010,Woodstock,1191.66,12,1007
"9,001,185,002,002",2002,Danbury,,,
"9,001,266,202,010",2010,Fairfield,971.69,69,7101
"9,013,062,602,010",2010,Bolton,476.19,3,630
"9,011,299,102,010",2010,Franklin,2272.73,5,220
"9,003,020,601,998",1998,Avon,,,
"9,001,508,602,009",2009,New Fairfield,1492.54,31,2077
"9,003,122,701,999",1999,Canton,,,
"9,015,734,202,009",2009,Sterling,1154.73,5,433
"9,003,043,002,006",2006,Berlin,3369.76,74,2196
"9,001,188,502,002",2002,Darien,,,
"9,003,276,002,010",2010,Farmington,8540.8,247,2892
"9,009,475,352,009",2009,Milford,9500.1,496,5221
"9,003,745,402,000",2000,Suffield,,,
"9,001,529,801,999",1999,Newtown,,,
"9,009,445,602,009",2009,Madison,827.34,23,2780
"9,009,195,502,002",2002,Derby,,,
"9,009,229,102,010",2010,East Haven,3260.87,90,2760
"9,005,027,601,998",1998,Barkhamsted,,,
"9,003,259,902,010",2010,Enfield,8532.26,361,4231
"9,009,141,601,999",1999,Cheshire,,,
"9,011,339,002,010",2010,Griswold,1367.78,18,1316
"9,013,778,302,009",2009,Union,0,0,74
"9,005,757,302,000",2000,Thomaston,,,
"9,015,091,902,010",2010,Brooklyn,2181.4,19,871
"9,001,047,202,006",2006,Bethel,3387.53,75,2214
"9,007,208,102,002",2002,Durham,,,
"9,009,520,702,009",2009,New Haven,10824.46,1372,12675
"9,011,786,002,009",2009,Voluntown,719.42,2,278
"9,007,262,702,010",2010,Essex,279.72,2,715
"9,009,032,501,998",1998,Beacon Falls,,,
"9,005,795,102,008",2008,Warren,0,0,157
"9,007,153,501,999",1999,Clinton,,,
"9,001,080,702,010",2010,Bridgeport,4005.87,628,15677
"9,005,172,402,010",2010,Cornwall,1242.24,2,161
"9,015,758,702,000",2000,Thompson,,,
"9,007,222,802,002",2002,East Haddam,,,
"9,003,020,602,010",2010,Avon,1543.21,40,2592
"9,005,679,602,009",2009,Sharon,432.9,1,231
"9,013,762,902,000",2000,Tolland,,,
"9,003,059,102,006",2006,Bloomfield,12569.97,247,1965
"9,003,043,001,998",1998,Berlin,,,
"9,005,082,102,010",2010,Bridgewater,0,0,178
"9,011,159,101,999",1999,Colchester,,,
"9,013,178,002,010",2010,Coventry,1897.02,28,1476
"9,013,062,602,006",2006,Bolton,1100.63,7,636
"9,007,224,902,002",2002,East Hampton,,,
"9,015,014,302,010",2010,Ashford,205.76,1,486
"9,005,765,702,000",2000,Torrington,,,
"9,003,326,402,010",2010,Granby,1925.55,30,1558
"9,009,045,801,998",1998,Bethany,,,
"9,001,683,102,009",2009,Sherman,433.84,2,461
"9,009,073,102,006",2006,Branford,4108.03,108,2629
"9,013,164,001,999",1999,Columbia,,,
"9,003,521,402,009",2009,Newington,3713.8,109,2935
"9,009,073,102,010",2010,Branford,2725.86,70,2568
"9,001,772,002,000",2000,Trumbull,,,
"9,003,226,302,002",2002,East Hartford,,,
"9,001,336,202,010",2010,Greenwich,1715.87,136,7926
"9,001,089,802,010",2010,Brookfield,945.52,21,2221
"9,011,342,502,010",2010,Groton,1270.14,41,3228
"9,001,080,702,006",2006,Bridgeport,6668.32,1075,16121
"9,001,047,201,998",1998,Bethel,,,
"9,003,043,002,010",2010,Berlin,1827.32,40,2189
"91,999",1999,Connecticut,,,
"9,013,253,602,010",2010,Ellington,454.03,8,1762
"9,013,782,502,000",2000,Vernon,,,
"9,009,229,102,002",2002,East Haven,,,
"9,013,010,802,010",2010,Andover,669.64,3,448
"9,003,870,002,010",2010,Windsor,5709.02,186,3258
"9,001,188,502,010",2010,Darien,686.7,24,3495
"9,003,084,902,006",2006,Bristol,4860.54,298,6131
"9,011,234,002,002",2002,East Lyme,,,
"9,005,049,301,998",1998,Bethlehem,,,
"9,005,322,902,010",2010,Goshen,1197.6,4,334
"9,013,178,001,999",1999,Coventry,,,
"9,007,191,302,010",2010,Deep River,10064.24,47,467
"9,009,787,402,000",2000,Wallingford,,,
"9,009,538,901,999",1999,North Branford,,,
"9,001,047,202,010",2010,Bethel,1920.44,42,2187
"9,003,312,402,010",2010,Glastonbury,2306.39,109,4726
"9,003,059,101,998",1998,Bloomfield,,,
"9,003,248,002,002",2002,East Windsor,,,
"9,007,180,801,999",1999,Cromwell,,,
"9,013,164,002,010",2010,Columbia,1140.07,7,614
"9,009,875,602,010",2010,Wolcott,2045.67,43,2102
"9,009,195,502,010",2010,Derby,4121.11,49,1189
"9,005,797,202,000",2000,Washington,,,
"9,015,218,602,002",2002,Eastford,,,
"9,005,049,302,010",2010,Bethlehem,911.16,4,439
"9,001,089,802,006",2006,Brookfield,2185.27,46,2105
"9,009,800,702,000",2000,Waterbury,,,
"9,015,091,902,006",2006,Brooklyn,3387.85,29,856
"9,013,062,601,998",1998,Bolton,,,
"9,003,248,002,010",2010,East Windsor,4187.44,42,1003
"9,001,185,001,999",1999,Danbury,,,
"9,007,208,102,010",2010,Durham,863.72,9,1042
"9,003,101,002,006",2006,Burlington,1828.76,22,1203
"9,011,068,202,010",2010,Bozrah,352.11,1,284
"9,013,253,602,002",2002,Ellington,,,
"9,011,802,802,000",2000,Waterford,,,
"9,011,068,201,998",1998,Bozrah,,,
"9,003,220,702,010",2010,East Granby,963.08,6,623
"9,005,109,402,006",2006,Canaan,1694.92,2,118
"9,001,188,501,999",1999,Darien,,,
"9,003,259,902,002",2002,Enfield,,,
"9,005,804,902,000",2000,Watertown,,,
"9,009,032,502,010",2010,Beacon Falls,4910.71,33,672
"9,015,121,302,006",2006,Canterbury,818.33,5,611
"9,009,073,101,998",1998,Branford,,,
"9,009,195,501,999",1999,Derby,,,
"9,009,349,502,010",2010,Guilford,3613.14,99,2740
"9,003,825,902,000",2000,West Hartford,,,
"9,007,180,802,010",2010,Cromwell,4859.15,69,1420
"9,007,262,702,002",2002,Essex,,,
"9,007,224,902,010",2010,East Hampton,2591.04,37,1428
"9,003,122,702,006",2006,Canton,4078.01,46,1128
"9,001,080,701,998",1998,Bridgeport,,,
"9,007,208,101,999",1999,Durham,,,
"9,001,266,202,002",2002,Fairfield,,,
"9,003,226,302,010",2010,East Hartford,8072.24,438,5426
"9,009,828,702,000",2000,West Haven,,,
"9,003,276,002,002",2002,Farmington,,,
"9,005,082,101,998",1998,Bridgewater,,,
"9,009,141,602,006",2006,Cheshire,3336.89,125,3746
"9,003,220,701,999",1999,East Granby,,,
"9,007,816,802,000",2000,Westbrook,,,
"9,005,540,301,999",1999,North Canaan,,,
"9,001,834,302,000",2000,Weston,,,
"9,007,143,002,006",2006,Chester,491.4,2,407
"9,003,084,901,998",1998,Bristol,,,
"9,003,312,402,002",2002,Glastonbury,,,
"9,007,222,801,999",1999,East Haddam,,,
"9,011,234,002,010",2010,East Lyme,766.87,15,1956
"9,007,153,502,006",2006,Clinton,3949.22,56,1418
"9,003,326,402,002",2002,Granby,,,
"9,001,835,002,000",2000,Westport,,,
"9,001,089,801,998",1998,Brookfield,,,
"9,011,159,102,006",2006,Colchester,3114.19,63,2023
"9,007,224,901,999",1999,East Hampton,,,
"9,001,336,202,002",2002,Greenwich,,,
"9,003,849,002,000",2000,Wethersfield,,,
"9,013,164,002,006",2006,Columbia,6677.8,40,599
"9,015,091,901,998",1998,Brooklyn,,,
"9,003,226,301,999",1999,East Hartford,,,
"9,013,859,502,000",2000,Willington,,,
"9,011,339,002,002",2002,Griswold,,,
"92,006",2006,Connecticut,5829.39,22448,385083
"9,003,101,001,998",1998,Burlington,,,
"9,009,229,101,999",1999,East Haven,,,
"9,011,342,502,002",2002,Groton,,,
"9,001,863,702,000",2000,Wilton,,,
"9,009,349,502,002",2002,Guilford,,,
"9,005,109,401,998",1998,Canaan,,,
"9,013,178,002,006",2006,Coventry,2114.6,31,1466
"9,011,234,001,999",1999,East Lyme,,,
"9,005,864,402,000",2000,Winchester,,,
"9,009,356,502,002",2002,Hamden,,,
"9,015,867,902,000",2000,Windham,,,
"9,007,180,802,006",2006,Cromwell,9942.36,138,1388
"9,011,159,102,010",2010,Colchester,2931.75,64,2183
"9,003,248,001,999",1999,East Windsor,,,
"9,001,185,002,006",2006,Danbury,5719.24,396,6924
"9,003,370,702,002",2002,Hartford,,,
"9,009,475,351,998",1998,Milford,,,
"9,001,835,002,006",2006,Westport,1218.84,44,3610
"9,011,068,202,004",2004,Bozrah,2930.4,8,273
"9,013,253,602,004",2004,Ellington,1558.6,25,1604
"9,005,879,101,998",1998,Woodbury,,,
"9,005,109,402,001",2001,Canaan,,,
"9,005,322,902,003",2003,Goshen,1261.83,4,317
"9,005,372,802,002",2002,Harwinton,,,
"9,003,601,202,007",2007,Plainville,14343.09,250,1743
"9,009,583,002,008",2008,Oxford,1126.76,16,1420
"9,009,576,002,008",2008,Orange,2721.48,47,1727
"9,003,849,002,006",2006,Wethersfield,6783.63,174,2565
"9,005,402,902,009",2009,Kent,754.72,2,265
"9,003,326,402,003",2003,Granby,3494.42,47,1345
"9,001,486,201,998",1998,Monroe,,,
"9,013,379,102,002",2002,Hebron,,,
"9,003,259,902,004",2004,Enfield,10682.17,487,4559
"9,005,494,601,999",1999,Morris,,,
"9,013,859,502,006",2006,Willington,1292.41,8,619
"9,015,881,901,998",1998,Woodstock,,,
"9,011,489,001,998",1998,Montville,,,
"9,005,607,502,007",2007,Plymouth,2433.94,35,1438
"9,015,405,002,002",2002,Killingly,,,
"9,001,336,202,003",2003,Greenwich,3817.81,259,6784
"9,003,601,202,008",2008,Plainville,11940.3,208,1742
"9,015,599,802,008",2008,Plainfield,5221.79,93,1781
"9,001,863,702,006",2006,Wilton,1354.32,37,2732
"9,015,138,102,001",2001,Chaplin,,,
"9,011,339,002,003",2003,Griswold,1805.87,24,1329
"9,007,262,702,004",2004,Essex,1724.14,11,638
"9,005,494,601,998",1998,Morris,,,
"9,007,407,102,002",2002,Killingworth,,,
"9,001,266,202,004",2004,Fairfield,1786.29,110,6158
"9,005,082,102,004",2004,Bridgewater,1960.78,4,204
"9,005,864,402,006",2006,Winchester,13572.68,155,1142
"9,009,032,502,005",2005,Beacon Falls,,,
"9,007,143,002,001",2001,Chester,,,
"9,011,621,502,007",2007,Preston,998,5,501
"9,011,423,902,002",2002,Lebanon,,,
"9,011,342,502,003",2003,Groton,1479.21,53,3583
"9,007,618,002,008",2008,Portland,1699.72,18,1059
"9,005,607,502,008",2008,Plymouth,2719.67,39,1434
"9,015,867,902,006",2006,Windham,910.27,21,2307
"9,009,499,501,998",1998,Naugatuck,,,
"9,009,349,502,003",2003,Guilford,8658.17,231,2668
"9,003,276,002,004",2004,Farmington,9469.56,266,2809
"9,013,859,502,001",2001,Willington,,,
"9,007,618,002,007",2007,Portland,2975.05,31,1042
"9,011,426,002,002",2002,Ledyard,,,
"9,003,312,402,004",2004,Glastonbury,3123.47,128,4098
"9,003,504,401,998",1998,New Britain,,,
"9,011,432,302,009",2009,Lisbon,1960.78,11,561
"9,003,870,002,006",2006,Windsor,7993.92,263,3290
"9,007,352,302,003",2003,Haddam,1851.85,16,864
"9,015,627,102,007",2007,Putnam,695.13,7,1007
"9,005,160,502,001",2001,Colebrook,,,
"9,005,433,702,002",2002,Litchfield,,,
"9,005,322,902,004",2004,Goshen,1253.92,4,319
"9,015,627,102,008",2008,Putnam,698.6,7,1002
"9,005,049,302,005",2005,Bethlehem,,,
"9,003,870,702,006",2006,Windsor Locks,8778.63,115,1310
"9,003,326,402,004",2004,Granby,3125,43,1376
"9,001,634,802,007",2007,Redding,1466.99,18,1227
"9,013,164,002,001",2001,Columbia,,,
"9,001,505,801,998",1998,New Canaan,,,
"9,009,445,602,002",2002,Madison,,,
"9,009,356,502,003",2003,Hamden,6849.32,370,5402
"9,001,634,802,008",2008,Redding,1045.86,13,1243
"9,005,433,702,009",2009,Litchfield,4643.96,45,969
"9,009,875,602,006",2006,Wolcott,4008.02,80,1996
"9,001,508,601,998",1998,New Fairfield,,,
"9,001,639,702,007",2007,Ridgefield,1032.33,38,3681
"9,009,622,902,007",2007,Prospect,187.27,2,1068
"9,003,447,002,002",2002,Manchester,,,
"9,003,370,702,003",2003,Hartford,15327.75,2343,15286
"9,001,639,702,008",2008,Ridgefield,769.43,29,3769
"9,009,877,002,006",2006,Woodbridge,1046.7,13,1242
"9,011,068,202,005",2005,Bozrah,,,
"9,003,371,402,003",2003,Hartland,3759.4,10,266
"9,001,336,202,004",2004,Greenwich,3584.28,249,6947
"9,015,138,102,006",2006,Chaplin,5508.47,13,236
"9,005,172,402,001",2001,Cornwall,,,
"9,013,449,102,002",2002,Mansfield,,,
"9,011,339,002,004",2004,Griswold,3617.18,48,1327
"9,015,218,602,007",2007,Eastford,0,0,189
"9,005,513,501,998",1998,New Hartford,,,
"9,005,879,102,006",2006,Woodbury,2389.71,26,1088
"9,005,109,402,004",2004,Canaan,8064.52,10,124
"9,005,372,802,003",2003,Harwinton,2852.85,19,666
"9,005,664,202,007",2007,Salisbury,1546.39,6,388
"9,015,610,302,008",2008,Pomfret,355.87,2,562
"9,003,458,202,002",2002,Marlborough,,,
"9,011,342,502,004",2004,Groton,1613.82,57,3532
"9,005,082,102,005",2005,Bridgewater,,,
"9,009,622,902,008",2008,Prospect,2230.48,24,1076
"9,013,010,802,007",2007,Andover,476.19,2,420
"9,009,520,701,998",1998,New Haven,,,
"9,013,379,102,003",2003,Hebron,3047.78,37,1214
"9,009,676,102,007",2007,Seymour,12041.28,210,1744
"9,005,534,701,999",1999,Norfolk,,,
"9,009,465,202,002",2002,Meriden,,,
"9,005,534,702,003",2003,Norfolk,1117.32,2,179
"9,011,523,501,998",1998,New London,,,
"9,011,662,102,008",2008,Salem,530.97,3,565
"9,009,012,202,007",2007,Ansonia,7253.38,150,2068
"9,011,442,102,009",2009,Lyme,1282.05,3,234
"9,015,405,002,003",2003,Killingly,6371.05,125,1962
"9,009,349,502,004",2004,Guilford,6086.63,163,2678
"9,003,653,702,007",2007,Rocky Hill,2172.67,38,1749
"9,007,470,802,002",2002,Middlefield,,,
"9,007,352,302,004",2004,Haddam,1482.33,13,877
"9,009,676,102,008",2008,Seymour,13524.36,236,1745
"9,005,664,202,008",2008,Salisbury,539.08,2,371
"9,003,020,602,007",2007,Avon,1058.43,25,2362
"9,011,621,502,008",2008,Preston,1010.1,5,495
"9,007,407,102,003",2003,Killingworth,1392.76,10,718
"9,001,681,702,007",2007,Shelton,3118.31,131,4201
"9,005,526,301,998",1998,New Milford,,,
"9,007,473,602,002",2002,Middletown,,,
"9,009,356,502,004",2004,Hamden,6681.47,361,5403
"9,005,160,502,006",2006,Colebrook,0,0,176
"9,005,027,602,007",2007,Barkhamsted,2654.87,12,452
"9,005,109,402,005",2005,Canaan,,,
"9,015,138,102,004",2004,Chaplin,6302.52,15,238
"9,005,679,602,007",2007,Sharon,1574.8,4,254
"9,009,475,352,002",2002,Milford,,,
"9,003,521,401,998",1998,Newington,,,
"9,007,222,802,001",2001,East Haddam,,,
"9,003,653,702,008",2008,Rocky Hill,3911.56,69,1764
"9,009,032,502,007",2007,Beacon Falls,2127.66,14,658
"9,007,407,102,009",2009,Killingworth,493.22,4,811
"9,015,121,302,005",2005,Canterbury,,,
"9,011,423,902,003",2003,Lebanon,2313.35,22,951
"9,001,529,801,998",1998,Newtown,,,
"9,007,262,702,007",2007,Essex,1033.97,7,677
"9,011,426,002,003",2003,Ledyard,1704.26,34,1995
"9,013,692,202,008",2008,Somers,782.61,9,1150
"9,003,689,402,008",2008,Simsbury,1846.51,64,3466
"9,003,043,002,007",2007,Berlin,3783.04,83,2194
"9,001,486,202,002",2002,Monroe,,,
"9,005,534,702,006",2006,Norfolk,1587.3,3,189
"9,003,371,402,004",2004,Hartland,3100.78,8,258
"9,003,689,402,007",2007,Simsbury,2071.18,71,3428
"9,011,489,002,002",2002,Montville,,,
"9,005,433,702,003",2003,Litchfield,4360.47,45,1032
"9,011,570,402,003",2003,Old Lyme,3515.15,29,825
"9,001,047,202,007",2007,Bethel,2084.28,46,2207
"9,005,534,701,998",1998,Norfolk,,,
"9,009,445,602,003",2003,Madison,1144.26,28,2447
"9,005,372,802,004",2004,Harwinton,1799.1,12,667
"9,003,370,702,004",2004,Hartford,14650.73,2219,15146
"9,005,494,602,002",2002,Morris,,,
"9,013,379,102,004",2004,Hebron,2642.11,33,1249
"9,009,538,901,998",1998,North Branford,,,
"9,003,713,902,008",2008,South Windsor,3253.01,108,3320
"9,007,143,002,005",2005,Chester,,,
"9,005,402,902,004",2004,Kent,1865.67,5,268
"9,007,573,202,003",2003,Old Saybrook,3956.48,40,1011
"9,013,692,202,007",2007,Somers,524.02,6,1145
"9,003,059,102,007",2007,Bloomfield,12794.27,250,1954
"9,009,576,001,999",1999,Orange,,,
"9,003,447,002,003",2003,Manchester,17459.74,954,5464
"9,011,299,102,007",2007,Franklin,900.9,2,222
"9,001,681,702,008",2008,Shelton,4959.66,209,4214
"9,013,062,602,007",2007,Bolton,788.64,5,634
"9,013,449,102,003",2003,Mansfield,3908.55,53,1356
"9,009,499,502,002",2002,Naugatuck,,,
"9,003,713,902,007",2007,South Windsor,3703.7,122,3294
"9,005,540,301,998",1998,North Canaan,,,
"9,009,696,402,008",2008,Southbury,1386.96,30,2163
"9,015,405,002,004",2004,Killingly,8453.61,164,1940
"9,001,238,902,001",2001,Easton,,,
"9,015,218,602,001",2001,Eastford,,,
"9,009,073,102,007",2007,Branford,4208.11,110,2614
"9,007,407,102,004",2004,Killingworth,409.28,3,733
"9,003,504,402,002",2002,New Britain,,,
"9,009,696,402,007",2007,Southbury,1447.92,31,2141
"9,003,705,502,007",2007,Southington,2432.08,111,4564
"9,003,705,502,008",2008,Southington,3101.79,142,4578
"9,005,160,502,005",2005,Colebrook,,,
"9,001,505,802,002",2002,New Canaan,,,
"9,011,716,702,008",2008,Sprague,2830.19,9,318
"9,005,172,402,006",2006,Cornwall,0,0,168
"9,009,465,202,003",2003,Meriden,8823.08,578,6551
"9,009,032,502,002",2002,Beacon Falls,,,
"9,005,322,902,007",2007,Goshen,0,0,327
"9,001,080,702,007",2007,Bridgeport,6552.15,1049,16010
"9,011,423,902,004",2004,Lebanon,2953.59,28,948
"9,001,508,602,002",2002,New Fairfield,,,
"9,011,555,001,998",1998,North Stonington,,,
"9,003,084,902,007",2007,Bristol,4317.25,264,6115
"9,011,426,002,004",2004,Ledyard,3088.61,61,1975
"9,015,734,202,007",2007,Sterling,4502.37,19,422
"9,011,716,702,007",2007,Sprague,1543.21,5,324
"9,013,720,902,007",2007,Stafford,3473.76,47,1353
"9,001,560,601,998",1998,Norwalk,,,
"9,009,548,701,998",1998,North Haven,,,
"9,005,513,502,002",2002,New Hartford,,,
"9,001,730,702,008",2008,Stamford,4735.02,520,10982
"9,001,089,802,007",2007,Brookfield,1780.69,38,2134
"9,005,433,702,004",2004,Litchfield,5386.88,55,1021
"9,009,469,402,003",2003,Middlebury,1201.92,10,832
"9,003,458,202,003",2003,Marlborough,2684.56,20,745
"9,009,045,802,002",2002,Bethany,,,
"9,007,473,602,003",2003,Middletown,3589.48,142,3956
"9,009,520,702,002",2002,New Haven,,,
"9,011,737,702,008",2008,Stonington,4867.72,92,1890
"9,015,091,902,007",2007,Brooklyn,3255.81,28,860
"9,015,610,301,999",1999,Pomfret,,,
"9,009,445,602,004",2004,Madison,1079.14,27,2502
"9,011,562,701,998",1998,Norwich,,,
"9,001,730,702,007",2007,Stamford,4449.13,485,10901
"9,009,475,352,003",2003,Milford,8699.75,461,5299
"9,011,523,502,002",2002,New London,,,
"9,011,299,102,001",2001,Franklin,,,
"9,003,101,002,007",2007,Burlington,2599.51,32,1231
"9,003,447,002,004",2004,Manchester,18168.47,990,5449
"9,003,745,402,007",2007,Suffield,1341.46,22,1640
"9,005,322,902,001",2001,Goshen,,,
"9,011,570,401,998",1998,Old Lyme,,,
"9,005,659,302,008",2008,Roxbury,0,0,248
"9,001,486,202,003",2003,Monroe,503.1,13,2584
"9,005,526,302,002",2002,New Milford,,,
"9,005,160,502,004",2004,Colebrook,1162.79,2,172
"9,003,122,702,007",2007,Canton,1914.71,22,1149
"9,011,621,501,999",1999,Preston,,,
"9,013,449,102,004",2004,Mansfield,3769.4,51,1353
"9,005,757,302,007",2007,Thomaston,3952.99,37,936
"9,011,737,702,007",2007,Stonington,5644.3,106,1878
"9,001,741,902,007",2007,Stratford,4873.55,264,5417
"9,015,360,002,007",2007,Hampton,507.61,1,197
"9,007,573,201,998",1998,Old Saybrook,,,
"9,003,521,402,002",2002,Newington,,,
"9,013,720,902,008",2008,Stafford,4444.44,60,1350
"9,009,141,602,007",2007,Cheshire,3225.81,122,3782
"9,001,741,902,008",2008,Stratford,3928.05,214,5448
"9,003,458,202,004",2004,Marlborough,1065.25,8,751
"9,011,489,002,003",2003,Montville,3531.69,73,2067
"9,009,576,001,998",1998,Orange,,,
"9,005,049,302,002",2002,Bethlehem,,,
"9,005,757,302,008",2008,Thomaston,2545.07,24,943
"9,009,499,502,003",2003,Naugatuck,4114.68,155,3767
"9,001,529,802,002",2002,Newtown,,,
"9,015,758,702,008",2008,Thompson,1208.18,13,1076
"9,007,143,002,007",2007,Chester,2427.18,10,412
"9,003,745,402,008",2008,Suffield,1854.07,31,1672
"9,003,705,502,003",2003,Southington,3656.91,165,4512
"9,013,762,902,007",2007,Tolland,1177.68,23,1953
"9,007,470,802,009",2009,Middlefield,731.26,4,547
"9,009,583,001,998",1998,Oxford,,,
"9,009,465,202,004",2004,Meriden,9204.32,605,6573
"9,005,534,702,002",2002,Norfolk,,,
"9,015,674,002,008",2008,Scotland,0,0,210
"9,007,153,502,007",2007,Clinton,4900.57,69,1408
"9,009,469,402,004",2004,Middlebury,1768.87,15,848
"9,003,504,402,003",2003,New Britain,11181.04,835,7468
"9,005,679,602,008",2008,Sharon,3292.18,8,243
"9,015,758,702,007",2007,Thompson,1485.61,16,1077
"9,013,762,902,008",2008,Tolland,1806.32,36,1993
"9,001,505,802,003",2003,New Canaan,1109.92,31,2793
"9,015,599,801,998",1998,Plainfield,,,
"9,005,765,702,008",2008,Torrington,5633.8,200,3550
"9,011,159,102,007",2007,Colchester,1502.67,31,2063
"9,005,494,602,009",2009,Morris,371.75,1,269
"9,001,508,602,003",2003,New Fairfield,1760.75,34,1931
"9,001,772,002,007",2007,Trumbull,6160.71,276,4480
"9,005,402,902,007",2007,Kent,1127.82,3,266
"9,015,360,002,001",2001,Hampton,,,
"9,007,470,802,004",2004,Middlefield,2509.65,13,518
"9,013,782,502,008",2008,Vernon,4522.02,114,2521
"9,001,772,002,008",2008,Trumbull,6167.69,281,4556
"9,013,164,002,007",2007,Columbia,8789.39,53,603
"9,009,538,902,002",2002,North Branford,,,
"9,007,473,602,004",2004,Middletown,3600.2,143,3972
"9,005,659,301,999",1999,Roxbury,,,
"9,015,218,602,005",2005,Eastford,,,
"9,005,540,302,002",2002,North Canaan,,,
"9,005,513,502,003",2003,New Hartford,3524.8,27,766
"9,009,787,402,008",2008,Wallingford,2046.47,96,4691
"9,011,662,101,999",1999,Salem,,,
"9,009,548,702,002",2002,North Haven,,,
"9,003,601,201,998",1998,Plainville,,,
"9,009,520,702,003",2003,New Haven,13076.11,1742,13322
"9,009,787,402,007",2007,Wallingford,2918.62,137,4694
"9,005,765,702,007",2007,Torrington,4368.52,156,3571
"92,007",2007,Connecticut,5839.28,22592,386897
"9,005,659,302,003",2003,Roxbury,1171.88,3,256
"9,005,172,402,004",2004,Cornwall,4651.16,8,172
"9,009,800,702,008",2008,Waterbury,12550.35,1589,12661
"9,011,068,202,002",2002,Bozrah,,,
"9,009,475,352,004",2004,Milford,7756.34,410,5286
"9,001,560,602,002",2002,Norwalk,,,
"9,011,802,802,007",2007,Waterford,7794.05,165,2117
"9,015,610,301,998",1998,Pomfret,,,
"9,003,371,402,001",2001,Hartland,,,
"9,009,622,902,009",2009,Prospect,646.35,7,1083
"9,011,716,702,004",2004,Sprague,2332.36,8,343
"9,003,084,902,003",2003,Bristol,5322.76,329,6181
"9,013,782,502,007",2007,Vernon,5147.35,131,2545
"9,003,870,002,000",2000,Windsor,,,
"9,011,562,702,002",2002,Norwich,,,
"9,005,607,501,998",1998,Plymouth,,,
"9,005,795,102,007",2007,Warren,653.59,1,153
"9,003,870,702,000",2000,Windsor Locks,,,
"9,015,627,102,009",2009,Putnam,501.5,5,997
"9,007,618,001,998",1998,Portland,,,
"9,005,804,902,007",2007,Watertown,2856.03,73,2556
"9,001,089,802,003",2003,Brookfield,1487.36,30,2017
"9,005,402,902,001",2001,Kent,,,
"9,011,570,402,002",2002,Old Lyme,,,
"9,003,825,902,007",2007,West Hartford,6664.73,460,6902
"9,005,797,202,007",2007,Washington,3324.81,13,391
"9,009,875,602,000",2000,Wolcott,,,
"9,005,049,302,007",2007,Bethlehem,1138.95,5,439
"9,015,881,902,008",2008,Woodstock,1200,12,1000
"9,011,621,501,998",1998,Preston,,,
"9,009,800,702,007",2007,Waterbury,12395.51,1557,12561
"9,005,795,102,009",2009,Warren,0,0,161
"9,007,573,202,002",2002,Old Saybrook,,,
"9,001,634,802,009",2009,Redding,1430.84,18,1258
"9,009,828,702,007",2007,West Haven,12294.46,643,5230
"9,015,091,902,003",2003,Brooklyn,5562.13,47,845
"9,005,879,102,000",2000,Woodbury,,,
"9,001,683,102,008",2008,Sherman,0,0,462
"9,001,834,302,002",2002,Weston,,,
"9,003,101,002,003",2003,Burlington,1694.92,19,1121
"9,015,674,002,003",2003,Scotland,1877.93,4,213
"9,009,622,901,998",1998,Prospect,,,
"9,001,639,702,009",2009,Ridgefield,959.05,37,3858
"9,007,816,802,007",2007,Westbrook,1461.99,10,684
"9,015,734,202,004",2004,Sterling,1728.4,7,405
"9,015,881,902,000",2000,Woodstock,,,
"9,009,576,002,002",2002,Orange,,,
"9,011,299,102,009",2009,Franklin,904.98,2,221
"9,011,432,302,001",2001,Lisbon,,,
"9,009,583,002,002",2002,Oxford,,,
"9,003,653,702,009",2009,Rocky Hill,1743.53,31,1778
"9,015,627,101,998",1998,Putnam,,,
"9,005,109,402,003",2003,Canaan,25196.85,32,127
"9,013,010,802,001",2001,Andover,,,
"9,009,676,102,009",2009,Seymour,5724.1,100,1747
"9,011,068,202,007",2007,Bozrah,2877.7,8,278
"9,001,834,302,007",2007,Weston,532.86,9,1689
"9,015,218,602,006",2006,Eastford,1578.95,3,190
"9,015,599,802,002",2002,Plainfield,,,
"9,001,835,002,007",2007,Westport,1502.15,56,3728
"9,001,634,801,998",1998,Redding,,,
"9,015,121,302,003",2003,Canterbury,2073.37,13,627
"9,005,797,202,009",2009,Washington,819.67,3,366
"9,009,012,202,001",2001,Ansonia,,,
"9,003,601,202,002",2002,Plainville,,,
"9,001,681,702,009",2009,Shelton,2886.89,122,4226
"9,003,849,002,007",2007,Wethersfield,4851.75,126,2597
"9,015,014,302,001",2001,Ashford,,,
"9,003,122,702,003",2003,Canton,3380.28,36,1065
"9,001,639,701,998",1998,Ridgefield,,,
"9,005,082,102,007",2007,Bridgewater,523.56,1,191
"9,007,816,802,009",2009,Westbrook,429.18,3,699
"9,005,607,502,002",2002,Plymouth,,,
"9,001,683,102,003",2003,Sherman,1072.96,5,466
"9,011,442,102,001",2001,Lyme,,,
"9,003,020,602,001",2001,Avon,,,
"9,009,141,602,003",2003,Cheshire,3575.36,130,3636
"9,013,859,502,007",2007,Willington,1300.81,8,615
"9,003,653,701,998",1998,Rocky Hill,,,
"9,007,618,002,002",2002,Portland,,,
"9,013,692,202,009",2009,Somers,346.02,4,1156
"9,001,863,702,007",2007,Wilton,1473.23,41,2783
"9,005,322,902,009",2009,Goshen,301.2,1,332
"9,005,027,602,001",2001,Barkhamsted,,,
"9,007,153,502,003",2003,Clinton,5110.5,74,1448
"9,005,659,301,998",1998,Roxbury,,,
"9,003,713,902,009",2009,South Windsor,2600.9,87,3345
"9,005,864,402,007",2007,Winchester,11111.11,126,1134
"9,003,689,402,009",2009,Simsbury,3254.35,114,3503
"9,003,043,002,001",2001,Berlin,,,
"9,009,622,902,002",2002,Prospect,,,
"9,013,778,302,004",2004,Union,3030.3,2,66
"9,013,859,502,009",2009,Willington,660.07,4,606
"9,015,627,102,002",2002,Putnam,,,
"9,009,877,002,002",2002,Woodbridge,,,
"9,011,662,101,998",1998,Salem,,,
"9,001,047,202,001",2001,Bethel,,,
"9,013,164,002,003",2003,Columbia,2214.65,13,587
"9,011,716,702,003",2003,Sprague,2285.71,8,350
"9,015,867,902,007",2007,Windham,1081.78,25,2311
"9,011,159,102,003",2003,Colchester,3100.37,59,1903
"9,001,639,702,002",2002,Ridgefield,,,
"9,003,705,502,009",2009,Southington,2352.43,108,4591
"9,013,010,802,003",2003,Andover,783.29,3,383
"9,005,664,201,998",1998,Salisbury,,,
"92,003",2003,Connecticut,6468.22,24556,379641
"9,003,870,002,007",2007,Windsor,8135.28,267,3282
"9,003,059,102,001",2001,Bloomfield,,,
"9,003,653,702,002",2002,Rocky Hill,,,
"9,013,720,902,009",2009,Stafford,2670.62,36,1348
"9,011,786,002,004",2004,Voluntown,1369.86,4,292
"9,009,696,402,009",2009,Southbury,2106.23,46,2184
"9,013,062,602,001",2001,Bolton,,,
"9,005,172,402,003",2003,Cornwall,3448.28,6,174
"9,015,674,001,998",1998,Scotland,,,
"9,003,870,702,007",2007,Windsor Locks,5513.02,72,1306
"9,005,494,602,001",2001,Morris,,,
"9,011,299,102,006",2006,Franklin,0,0,222
"9,013,178,002,003",2003,Coventry,1987.66,29,1459
"9,009,073,102,001",2001,Branford,,,
"9,011,662,102,002",2002,Salem,,,
"9,013,010,802,008",2008,Andover,2797.2,12,429
"9,009,875,602,007",2007,Wolcott,6033.63,122,2022
"9,009,676,101,998",1998,Seymour,,,
"9,001,741,902,009",2009,Stratford,4417.67,242,5478
"9,011,737,702,009",2009,Stonington,5675.25,108,1903
"9,005,664,202,002",2002,Salisbury,,,
"9,005,795,102,004",2004,Warren,704.23,1,142
"9,001,080,702,001",2001,Bridgeport,,,
"9,001,730,702,009",2009,Stamford,4592.3,508,11062
"9,005,322,902,006",2006,Goshen,1234.57,4,324
"9,007,180,802,003",2003,Cromwell,9304.03,127,1365
"9,005,797,202,004",2004,Washington,3271.03,14,428
"9,005,679,601,998",1998,Sharon,,,
"9,015,881,902,007",2007,Woodstock,1303.91,13,997
"9,009,676,102,002",2002,Seymour,,,
"9,009,877,002,007",2007,Woodbridge,2502.02,31,1239
"9,003,084,902,001",2001,Bristol,,,
"9,003,745,402,009",2009,Suffield,704.64,12,1703
"9,003,745,402,003",2003,Suffield,1188.9,18,1514
"9,001,185,002,003",2003,Danbury,5353.76,367,6855
"9,005,757,302,009",2009,Thomaston,2318.23,22,949
"9,001,681,701,998",1998,Shelton,,,
"9,005,879,102,007",2007,Woodbury,2638.76,29,1099
"9,001,089,802,001",2001,Brookfield,,,
"9,005,679,602,002",2002,Sharon,,,
"9,015,734,202,008",2008,Sterling,1635.51,7,428
"9,005,879,102,009",2009,Woodbury,891.27,10,1122
"9,005,049,302,003",2003,Bethlehem,4328.02,19,439
"9,007,191,302,003",2003,Deep River,18929.25,99,523
"9,001,188,502,003",2003,Darien,1968.21,52,2642
"9,001,683,101,998",1998,Sherman,,,
"9,015,758,702,009",2009,Thompson,3165.74,34,1074
"9,005,109,402,007",2007,Canaan,5217.39,6,115
"9,003,101,002,001",2001,Burlington,,,
"9,009,012,202,008",2008,Ansonia,6411.48,134,2090
"9,009,195,502,003",2003,Derby,2345.79,27,1151
"9,015,014,302,008",2008,Ashford,407.33,2,491
"9,015,121,302,001",2001,Canterbury,,,
"9,001,681,702,002",2002,Shelton,,,
"9,003,689,401,998",1998,Simsbury,,,
"9,015,121,302,007",2007,Canterbury,825.08,5,606
"9,003,689,402,002",2002,Simsbury,,,
"9,005,765,702,009",2009,Torrington,6689.34,236,3528
"9,013,762,902,009",2009,Tolland,787.01,16,2033
"9,011,068,202,003",2003,Bozrah,1107.01,3,271
"9,003,020,602,008",2008,Avon,1558.65,38,2438
"9,009,141,601,998",1998,Cheshire,,,
"9,015,881,902,009",2009,Woodstock,796.81,8,1004
"9,007,208,102,003",2003,Durham,5020.92,48,956
"9,013,692,201,998",1998,Somers,,,
"9,003,122,702,001",2001,Canton,,,
"9,005,534,702,001",2001,Norfolk,,,
"9,003,220,702,003",2003,East Granby,1543.74,9,583
"9,005,027,602,008",2008,Barkhamsted,656.46,3,457
"9,009,141,602,001",2001,Cheshire,,,
"9,013,692,202,002",2002,Somers,,,
"9,013,778,302,003",2003,Union,0,0,65
"9,009,032,502,008",2008,Beacon Falls,2413.27,16,663
"9,003,713,902,002",2002,South Windsor,,,
"9,003,713,901,998",1998,South Windsor,,,
"9,001,772,002,009",2009,Trumbull,5180.23,240,4633
"9,007,222,802,003",2003,East Haddam,1659.75,16,964
"9,007,153,502,001",2001,Clinton,,,
"9,009,045,802,008",2008,Bethany,1515.15,11,726
"9,005,049,302,008",2008,Bethlehem,683.37,3,439
"9,003,043,002,008",2008,Berlin,2006.38,44,2193
"9,015,138,102,007",2007,Chaplin,1702.13,4,235
"9,009,696,402,002",2002,Southbury,,,
"9,011,068,202,008",2008,Bozrah,1785.71,5,280
"9,013,782,502,009",2009,Vernon,4687.5,117,2496
"9,009,696,401,998",1998,Southbury,,,
"9,011,159,102,001",2001,Colchester,,,
"9,005,082,102,003",2003,Bridgewater,0,0,208
"9,007,224,902,003",2003,East Hampton,4488.59,61,1359
"9,003,705,502,002",2002,Southington,,,
"9,013,010,801,999",1999,Andover,,,
"9,009,787,402,009",2009,Wallingford,2581.06,121,4688
"9,015,138,101,998",1998,Chaplin,,,
"9,001,047,202,008",2008,Bethel,1908.22,42,2201
"9,003,705,501,998",1998,Southington,,,
"9,009,800,702,009",2009,Waterbury,10054.86,1283,12760
"9,003,226,302,003",2003,East Hartford,12860.1,683,5311
"92,001",2001,Connecticut,,,
"9,011,802,802,009",2009,Waterford,14792.35,317,2143
"9,011,555,002,001",2001,North Stonington,,,
"9,003,059,102,008",2008,Bloomfield,9165.81,178,1942
"9,013,178,002,001",2001,Coventry,,,
"9,011,716,702,002",2002,Sprague,,,
"9,011,716,701,998",1998,Sprague,,,
"9,009,229,102,003",2003,East Haven,3784.16,108,2854
"9,005,804,902,009",2009,Watertown,2547.02,65,2552
"9,013,720,902,002",2002,Stafford,,,
"9,011,234,002,003",2003,East Lyme,2053.39,40,1948
"9,013,062,602,008",2008,Bolton,1421.8,9,633
"9,007,180,802,001",2001,Cromwell,,,
"9,001,730,702,002",2002,Stamford,,,
"9,005,160,502,007",2007,Colebrook,2259.89,4,177
"9,013,720,901,998",1998,Stafford,,,
"9,015,360,002,009",2009,Hampton,0,0,190
"9,005,082,102,008",2008,Bridgewater,534.76,1,187
"9,003,248,002,003",2003,East Windsor,10794.9,110,1019
"9,009,073,102,008",2008,Branford,4272.52,111,2598
"9,001,185,002,001",2001,Danbury,,,
"9,003,825,902,009",2009,West Hartford,4571.35,321,7022
"9,005,027,601,999",1999,Barkhamsted,,,
"9,001,080,702,008",2008,Bridgeport,5786.53,920,15899
"9,001,730,701,998",1998,Stamford,,,
"9,011,737,702,002",2002,Stonington,,,
"9,001,238,902,003",2003,Easton,2361.4,23,974
"9,001,188,502,001",2001,Darien,,,
"9,009,828,702,009",2009,West Haven,5717.6,296,5177
"9,001,741,902,002",2002,Stratford,,,
"9,015,138,102,003",2003,Chaplin,4184.1,10,239
"9,009,032,501,999",1999,Beacon Falls,,,
"9,011,786,002,003",2003,Voluntown,2033.9,6,295
"9,001,834,302,009",2009,Weston,282.17,5,1772
"9,005,109,402,008",2008,Canaan,12389.38,14,113
"9,015,734,201,998",1998,Sterling,,,
"9,003,084,902,008",2008,Bristol,3984.91,243,6098
"9,007,191,302,001",2001,Deep River,,,
"9,003,745,402,002",2002,Suffield,,,
"9,007,143,002,003",2003,Chester,2806.12,11,392
"9,003,371,402,009",2009,Hartland,0,0,219
"9,003,259,902,003",2003,Enfield,10208.06,471,4614
"9,013,253,602,003",2003,Ellington,2029.17,32,1577
"9,011,737,701,998",1998,Stonington,,,
"9,001,835,002,009",2009,Westport,907.94,36,3965
"9,007,143,001,998",1998,Chester,,,
"9,015,091,902,008",2008,Brooklyn,1620.37,14,864
"9,009,045,801,999",1999,Bethany,,,
"9,009,195,502,001",2001,Derby,,,
"9,001,089,802,008",2008,Brookfield,1109.57,24,2163
"9,005,757,302,002",2002,Thomaston,,,
"9,001,266,202,003",2003,Fairfield,1433.09,86,6001
"9,015,138,102,008",2008,Chaplin,3418.8,8,234
"9,007,208,102,001",2001,Durham,,,
"9,003,849,002,009",2009,Wethersfield,3720.41,99,2661
"9,001,741,901,998",1998,Stratford,,,
"9,003,101,002,008",2008,Burlington,1987.28,25,1258
"9,005,160,502,003",2003,Colebrook,7017.54,12,171
"9,005,372,802,009",2009,Harwinton,888.89,6,675
"9,011,570,402,001",2001,Old Lyme,,,
"9,003,276,002,003",2003,Farmington,8372.09,234,2795
"9,003,220,702,001",2001,East Granby,,,
"9,001,863,702,009",2009,Wilton,831.89,24,2885
"9,013,762,902,002",2002,Tolland,,,
"9,015,758,702,002",2002,Thompson,,,
"9,005,049,301,999",1999,Bethlehem,,,
"9,005,864,402,009",2009,Winchester,7417.34,83,1119
"9,003,312,402,003",2003,Glastonbury,2653.98,106,3994
"9,003,745,401,998",1998,Suffield,,,
"9,007,224,902,001",2001,East Hampton,,,
"9,003,122,702,008",2008,Canton,3675.21,43,1170
"9,015,121,302,008",2008,Canterbury,1164.73,7,601
"9,005,494,602,000",2000,Morris,,,
"9,009,548,701,999",1999,North Haven,,,
"9,007,208,102,005",2005,Durham,,,
"9,011,523,502,003",2003,New London,9574.04,236,2465
"9,011,802,802,008",2008,Waterford,12018.78,256,2130
"9,001,188,502,006",2006,Darien,1529.26,46,3008
"9,013,253,601,999",1999,Ellington,,,
"9,005,160,502,008",2008,Colebrook,2793.3,5,179
"9,005,526,302,003",2003,New Milford,3023.95,101,3340
"9,001,486,202,004",2004,Monroe,916.03,24,2620
"9,007,191,302,006",2006,Deep River,6412.83,32,499
"9,003,220,702,005",2005,East Granby,,,
"9,011,489,002,004",2004,Montville,4237.7,87,2053
"9,005,804,902,008",2008,Watertown,2388.41,61,2554
"9,011,432,302,007",2007,Lisbon,4189.44,23,549
"9,003,521,402,010",2010,Newington,3316.41,98,2955
"9,003,259,901,999",1999,Enfield,,,
"9,009,195,502,006",2006,Derby,4712.94,55,1167
"9,007,222,802,005",2005,East Haddam,,,
"9,003,521,402,003",2003,Newington,4048.3,114,2816
"9,005,172,402,008",2008,Cornwall,606.06,1,165
"9,015,610,302,002",2002,Pomfret,,,
"9,005,526,302,010",2010,New Milford,2110.82,72,3411
"9,001,529,802,003",2003,Newtown,3056.77,105,3435
"9,005,494,602,004",2004,Morris,2142.86,6,280
"9,007,262,701,999",1999,Essex,,,
"9,011,299,102,005",2005,Franklin,,,
"9,007,224,902,005",2005,East Hampton,,,
"9,009,499,502,004",2004,Naugatuck,4308.27,161,3737
"9,009,828,702,008",2008,West Haven,7649.43,398,5203
"9,007,208,102,006",2006,Durham,5840.89,58,993
"9,005,534,702,010",2010,Norfolk,0,0,203
"9,009,538,902,003",2003,North Branford,3742.33,61,1630
"9,003,220,702,006",2006,East Granby,1666.67,10,600
"9,001,266,201,999",1999,Fairfield,,,
"9,003,504,402,004",2004,New Britain,14325.92,1069,7462
"9,007,816,802,008",2008,Westbrook,2601.16,18,692
"9,011,442,102,007",2007,Lyme,881.06,2,227
"9,011,621,502,002",2002,Preston,,,
"9,005,540,302,003",2003,North Canaan,2925.53,11,376
"9,003,825,902,008",2008,West Hartford,5372.02,374,6962
"9,007,222,802,006",2006,East Haddam,3009.03,30,997
"9,009,229,102,005",2005,East Haven,,,
"9,003,226,302,005",2005,East Hartford,,,
"9,003,276,001,999",1999,Farmington,,,
"9,001,529,802,010",2010,Newtown,1618.44,66,4078
"9,005,540,302,010",2010,North Canaan,3207,11,343
"9,009,548,702,003",2003,North Haven,1302.8,33,2533
"9,001,505,802,004",2004,New Canaan,1112.27,32,2877
"9,007,224,902,006",2006,East Hampton,4895.61,68,1389
"9,011,234,002,005",2005,East Lyme,,,
"9,001,508,602,004",2004,New Fairfield,2762.15,54,1955
"9,003,849,002,008",2008,Wethersfield,4374.29,115,2629
"9,001,835,002,008",2008,Westport,1351.7,52,3847
"9,003,312,401,999",1999,Glastonbury,,,
"9,005,322,902,005",2005,Goshen,,,
"9,005,534,702,000",2000,Norfolk,,,
"9,007,191,302,008",2008,Deep River,10144.93,49,483
"9,003,226,302,006",2006,East Hartford,11119.4,596,5360
"9,011,555,001,999",1999,North Stonington,,,
"9,011,555,002,003",2003,North Stonington,3257.33,20,614
"9,013,859,502,008",2008,Willington,655.74,4,610
"9,005,534,702,009",2009,Norfolk,500,1,200
"9,003,248,002,005",2005,East Windsor,,,
"9,009,538,902,000",2000,North Branford,,,
"9,005,513,502,004",2004,New Hartford,2067.18,16,774
"9,009,229,102,006",2006,East Haven,4584.22,129,2814
"9,001,238,902,005",2005,Easton,,,
"9,003,326,401,999",1999,Granby,,,
"9,001,634,802,002",2002,Redding,,,
"9,005,540,302,009",2009,North Canaan,1436.78,5,348
"9,009,548,702,010",2010,North Haven,1282.05,34,2652
"9,011,562,702,003",2003,Norwich,9497.49,378,3980
"9,001,560,602,003",2003,Norwalk,7142.86,532,7448
"9,001,336,201,999",1999,Greenwich,,,
"9,013,253,602,005",2005,Ellington,,,
"9,011,523,502,004",2004,New London,9979.72,246,2465
"9,015,360,002,005",2005,Hampton,,,
"9,011,234,002,006",2006,East Lyme,2151.64,42,1952
"9,009,520,702,004",2004,New Haven,15400.33,2035,13214
"9,011,555,002,010",2010,North Stonington,1433.69,8,558
"9,009,576,002,003",2003,Orange,3117.36,51,1636
"9,005,864,402,008",2008,Winchester,14551.91,164,1127
"9,003,248,002,006",2006,East Windsor,7608.7,77,1012
"9,011,339,001,999",1999,Griswold,,,
"9,005,526,302,004",2004,New Milford,2776.12,93,3350
"9,003,458,201,998",1998,Marlborough,,,
"9,005,659,302,002",2002,Roxbury,,,
"9,003,259,902,005",2005,Enfield,,,
"9,009,622,902,001",2001,Prospect,,,
"9,001,863,702,008",2008,Wilton,2752.29,78,2834
"9,001,238,902,006",2006,Easton,378.79,4,1056
"9,007,262,702,005",2005,Essex,,,
"9,009,583,002,003",2003,Oxford,1217.66,16,1314
"9,011,342,501,999",1999,Groton,,,
"9,015,867,902,008",2008,Windham,432.15,10,2314
"9,011,555,002,009",2009,North Stonington,1590.11,9,566
"9,011,562,702,010",2010,Norwich,7823.54,321,4103
"9,011,570,402,000",2000,Old Lyme,,,
"9,003,521,402,004",2004,Newington,4830.75,137,2836
"9,013,253,602,006",2006,Ellington,1086.96,18,1656
"9,001,266,202,005",2005,Fairfield,,,
"9,015,599,802,003",2003,Plainfield,5564.74,101,1815
"9,015,610,302,004",2004,Pomfret,753.3,4,531
"9,003,870,002,008",2008,Windsor,7758.09,254,3274
"9,007,473,601,998",1998,Middletown,,,
"9,007,470,802,007",2007,Middlefield,747.66,4,535
"9,003,601,202,003",2003,Plainville,16466.55,288,1749
"9,001,529,802,004",2004,Newtown,3232.21,114,3527
"9,003,259,902,006",2006,Enfield,11168.54,497,4450
"9,009,349,501,999",1999,Guilford,,,
"9,003,276,002,005",2005,Farmington,,,
"9,009,538,902,004",2004,North Branford,3911.98,64,1636
"9,009,875,602,008",2008,Wolcott,7467.06,153,2049
"9,003,870,702,008",2008,Windsor Locks,4073.79,53,1301
"9,009,538,902,010",2010,North Branford,3347.28,56,1673
"9,007,352,301,999",1999,Haddam,,,
"9,005,402,902,005",2005,Kent,,,
"9,015,674,002,002",2002,Scotland,,,
"9,003,312,402,005",2005,Glastonbury,,,
"9,005,607,502,003",2003,Plymouth,1168.38,17,1455
"9,001,560,601,999",1999,Norwalk,,,
"9,007,262,702,006",2006,Essex,903.61,6,664
"9,003,447,001,998",1998,Manchester,,,
"9,015,218,602,008",2008,Eastford,534.76,1,187
"9,015,610,302,003",2003,Pomfret,382.41,2,523
"9,005,540,302,004",2004,North Canaan,7547.17,28,371
"9,013,449,101,998",1998,Mansfield,,,
"9,005,494,602,007",2007,Morris,2930.4,8,273
"9,003,326,402,005",2005,Granby,,,
"9,009,548,702,004",2004,North Haven,1058.82,27,2550
"9,005,879,102,008",2008,Woodbury,2520.25,28,1111
"9,009,356,501,999",1999,Hamden,,,
"9,009,583,002,010",2010,Oxford,615.6,9,1462
"9,011,555,002,004",2004,North Stonington,2475.25,15,606
"9,007,618,002,003",2003,Portland,4845.36,47,970
"9,011,621,502,004",2004,Preston,1153.85,6,520
"9,007,470,801,998",1998,Middlefield,,,
"9,011,570,402,010",2010,Old Lyme,582.75,5,858
"9,001,730,702,003",2003,Stamford,5067.12,536,10578
"9,003,276,002,006",2006,Farmington,6734.84,191,2836
"9,003,370,701,999",1999,Hartford,,,
"9,001,683,102,002",2002,Sherman,,,
"9,009,877,002,008",2008,Woodbridge,2425.22,30,1237
"9,011,621,502,003",2003,Preston,570.34,3,526
"9,011,339,002,005",2005,Griswold,,,
"9,001,560,602,004",2004,Norwalk,7704.59,579,7515
"9,003,371,401,999",1999,Hartland,,,
"9,001,266,202,006",2006,Fairfield,1127.94,73,6472
"9,011,299,102,008",2008,Franklin,904.98,2,221
"9,011,562,702,004",2004,Norwich,9256.94,370,3997
"9,009,012,202,009",2009,Ansonia,4637.96,98,2113
"9,001,336,202,005",2005,Greenwich,,,
"9,003,312,402,006",2006,Glastonbury,3133.7,135,4308
"9,009,622,902,003",2003,Prospect,1538.46,16,1040
"9,011,442,102,005",2005,Lyme,,,
"9,015,881,902,006",2006,Woodstock,2618.33,26,993
"9,003,326,402,006",2006,Granby,1671.31,24,1436
"9,005,372,801,999",1999,Harwinton,,,
"9,001,634,802,004",2004,Redding,2368.87,28,1182
"9,011,570,402,004",2004,Old Lyme,1807.23,15,830
"9,013,010,802,009",2009,Andover,227.79,1,439
"9,001,336,202,006",2006,Greenwich,3643.61,265,7273
"9,015,627,102,003",2003,Putnam,1850.05,19,1027
"9,011,342,502,005",2005,Groton,,,
"9,005,027,602,009",2009,Barkhamsted,1952.28,9,461
"9,011,432,302,005",2005,Lisbon,,,
"9,009,349,502,005",2005,Guilford,,,
"9,013,379,101,999",1999,Hebron,,,
"9,005,322,902,008",2008,Goshen,911.85,3,329
"9,011,339,002,006",2006,Griswold,4383.98,58,1323
"9,007,262,702,008",2008,Essex,1741.65,12,689
"9,001,634,802,003",2003,Redding,1371.04,16,1167
"9,007,573,202,004",2004,Old Saybrook,3320.31,34,1024
"9,005,659,302,004",2004,Roxbury,1181.1,3,254
"9,009,576,002,010",2010,Orange,340.33,6,1763
"9,011,442,101,998",1998,Lyme,,,
"9,007,352,302,005",2005,Haddam,,,
"9,009,576,002,004",2004,Orange,2720.68,45,1654
"9,003,020,602,009",2009,Avon,2107.36,53,2515
"9,015,405,001,999",1999,Killingly,,,
"9,001,639,702,003",2003,Ridgefield,992.48,33,3325
"9,003,601,202,010",2010,Plainville,7648.07,133,1739
"9,011,662,102,004",2004,Salem,1470.59,8,544
"9,011,342,502,006",2006,Groton,1369.86,47,3431
"9,011,562,701,999",1999,Norwich,,,
"9,009,356,502,005",2005,Hamden,,,
"9,009,583,002,004",2004,Oxford,1498.13,20,1335
"9,001,047,202,009",2009,Bethel,2506.84,55,2194
"9,009,349,502,006",2006,Guilford,3519.82,95,2699
"9,005,433,701,998",1998,Litchfield,,,
"9,007,407,101,999",1999,Killingworth,,,
"9,005,607,502,010",2010,Plymouth,1754.39,25,1425
"9,003,059,102,009",2009,Bloomfield,7612.64,147,1931
"9,015,218,602,009",2009,Eastford,0,0,186
"9,015,734,202,002",2002,Sterling,,,
"9,011,426,001,998",1998,Ledyard,,,
"9,015,599,802,004",2004,Plainfield,4646.02,84,1808
"9,003,043,002,009",2009,Berlin,1369.24,30,2191
"9,011,432,301,998",1998,Lisbon,,,
"9,015,610,302,009",2009,Pomfret,878.73,5,569
"9,011,662,102,003",2003,Salem,742.12,4,539
"9,003,653,702,003",2003,Rocky Hill,3372.78,57,1690
"9,011,426,001,999",1999,Ledyard,,,
"9,007,352,302,006",2006,Haddam,1661.13,15,903
"9,011,621,502,009",2009,Preston,409,2,489
"9,003,371,402,005",2005,Hartland,,,
"9,003,601,202,004",2004,Plainville,14081.28,246,1747
"9,009,073,102,009",2009,Branford,3252.03,84,2583
"9,015,674,002,004",2004,Scotland,938.97,2,213
"9,005,664,202,003",2003,Salisbury,1531.73,7,457
"9,007,618,002,010",2010,Portland,2739.73,30,1095
"9,001,080,702,009",2009,Bridgeport,4959.46,783,15788
"9,009,356,502,006",2006,Hamden,8843.66,478,5405
"9,011,432,301,999",1999,Lisbon,,,
"9,005,372,802,005",2005,Harwinton,,,
"9,009,469,401,998",1998,Middlebury,,,
"9,003,370,702,006",2006,Hartford,12512.61,1860,14865
"9,015,014,302,007",2007,Ashford,1014.2,5,493
"9,009,676,102,003",2003,Seymour,10368.66,180,1736
"9,005,607,502,004",2004,Plymouth,1860.79,27,1451
"9,005,494,602,005",2005,Morris,,,
"9,003,370,702,005",2005,Hartford,,,
"9,013,379,102,005",2005,Hebron,,,
"9,005,433,701,999",1999,Litchfield,,,
"9,003,084,902,009",2009,Bristol,2729.37,166,6082
"9,003,371,402,006",2006,Hartland,0,0,243
"9,005,679,602,003",2003,Sharon,2675.59,8,299
"9,007,618,002,004",2004,Portland,3441.3,34,988
"9,001,089,802,009",2009,Brookfield,1322.99,29,2192
"9,015,360,002,008",2008,Hampton,0,0,193
"9,015,405,002,005",2005,Killingly,,,
"9,009,622,902,004",2004,Prospect,2101.24,22,1047
"9,005,540,302,007",2007,North Canaan,4761.9,17,357
"9,011,442,101,999",1999,Lyme,,,
"9,001,681,702,003",2003,Shelton,2070.79,86,4153
"9,001,683,102,004",2004,Sherman,430.11,2,465
"9,005,402,902,008",2008,Kent,377.36,1,265
"9,005,372,802,006",2006,Harwinton,4029.85,27,670
"9,007,407,102,005",2005,Killingworth,,,
"9,015,627,102,004",2004,Putnam,880.63,9,1022
"9,015,091,902,009",2009,Brooklyn,2768.17,24,867
"9,013,379,102,006",2006,Hebron,2348.48,31,1320
"9,009,445,601,999",1999,Madison,,,
"9,001,634,802,010",2010,Redding,942.66,12,1273
"9,013,778,302,002",2002,Union,,,
"9,009,622,902,010",2010,Prospect,1100.92,12,1090
"9,003,689,402,003",2003,Simsbury,2196.46,72,3278
"9,011,570,401,999",1999,Old Lyme,,,
"9,003,101,002,009",2009,Burlington,3343.7,43,1286
"9,005,402,902,006",2006,Kent,751.88,2,266
"9,013,692,202,003",2003,Somers,2402.14,27,1124
"9,011,423,902,005",2005,Lebanon,,,
"9,003,447,001,999",1999,Manchester,,,
"9,007,407,102,008",2008,Killingworth,753.77,6,796
"9,005,659,302,009",2009,Roxbury,1619.43,4,247
"9,011,426,002,005",2005,Ledyard,,,
"9,003,653,702,004",2004,Rocky Hill,1994.13,34,1705
"9,001,639,702,004",2004,Ridgefield,937.32,32,3414
"9,011,786,002,002",2002,Voluntown,,,
"9,011,423,901,998",1998,Lebanon,,,
"9,003,653,702,010",2010,Rocky Hill,725.04,13,1793
"9,009,445,601,998",1998,Madison,,,
"9,015,405,002,006",2006,Killingly,5007.91,95,1897
"9,013,449,101,999",1999,Mansfield,,,
"9,003,713,902,003",2003,South Windsor,2412.28,77,3192
"9,005,664,202,004",2004,Salisbury,1363.64,6,440
"9,003,122,702,009",2009,Canton,1175.48,14,1191
"9,007,407,102,006",2006,Killingworth,653.59,5,765
"9,011,662,102,009",2009,Salem,877.19,5,570
"9,009,696,402,003",2003,Southbury,1555.66,32,2057
"9,005,433,702,005",2005,Litchfield,,,
"9,009,141,602,009",2009,Cheshire,3398.18,131,3855
"9,001,560,602,010",2010,Norwalk,4106.13,325,7915
"9,005,795,102,002",2002,Warren,,,
"9,009,445,602,005",2005,Madison,,,
"9,003,458,201,999",1999,Marlborough,,,
"9,015,121,302,009",2009,Canterbury,840.34,5,595
"9,003,745,402,005",2005,Suffield,,,
"9,003,447,002,005",2005,Manchester,,,
"9,009,676,102,004",2004,Seymour,7077.1,123,1738
"9,005,534,702,005",2005,Norfolk,,,
"9,011,423,902,006",2006,Lebanon,1487.78,14,941
"9,015,734,202,003",2003,Sterling,2750,11,400
"9,007,573,202,010",2010,Old Saybrook,6346.33,70,1103
"9,009,465,201,998",1998,Meriden,,,
"9,007,153,502,009",2009,Clinton,4037.49,56,1387
"9,009,465,201,999",1999,Meriden,,,
"9,009,045,802,007",2007,Bethany,699.3,5,715
"9,005,679,602,004",2004,Sharon,1736.11,5,288
"9,011,662,102,010",2010,Salem,869.57,5,575
"9,011,426,002,006",2006,Ledyard,2793.59,54,1933
"9,005,172,402,007",2007,Cornwall,0,0,166
"9,011,442,102,008",2008,Lyme,0,0,230
"9,015,599,802,010",2010,Plainfield,1809.95,32,1768
"9,015,867,902,009",2009,Windham,517.69,12,2318
"9,011,621,502,010",2010,Preston,2277.43,11,483
"9,011,432,302,004",2004,Lisbon,5849.06,31,530
"9,005,664,202,009",2009,Salisbury,564.97,2,354
"9,009,875,601,999",1999,Wolcott,,,
"9,003,371,401,998",1998,Hartland,,,
"9,009,141,602,008",2008,Cheshire,3011.26,115,3819
"9,013,062,601,999",1999,Bolton,,,
"9,003,226,302,001",2001,East Hartford,,,
"9,003,713,902,001",2001,South Windsor,,,
"9,013,178,002,007",2007,Coventry,2246.43,33,1469
"9,011,432,302,002",2002,Lisbon,,,
"9,011,432,302,008",2008,Lisbon,2882.88,16,555
"9,009,229,102,001",2001,East Haven,,,
"9,005,433,702,006",2006,Litchfield,6793.21,68,1001
"9,009,877,001,999",1999,Woodbridge,,,
"9,007,143,002,008",2008,Chester,956.94,4,418
"9,005,659,302,010",2010,Roxbury,0,0,245
"9,009,445,602,006",2006,Madison,803.67,21,2613
"9,011,068,201,999",1999,Bozrah,,,
"9,015,627,102,010",2010,Putnam,6350.81,63,992
"9,007,180,802,007",2007,Cromwell,7593.12,106,1396
"9,013,379,101,998",1998,Hebron,,,
"9,009,676,102,010",2010,Seymour,4059.46,71,1749
"9,011,234,002,001",2001,East Lyme,,,
"9,011,523,501,999",1999,New London,,,
"9,001,185,002,007",2007,Danbury,5282.86,367,6947
"9,007,153,502,008",2008,Clinton,6585.54,92,1397
"9,005,879,101,999",1999,Woodbury,,,
"9,015,610,302,010",2010,Pomfret,693.24,4,577
"9,005,795,102,003",2003,Warren,2898.55,4,138
"9,009,875,602,009",2009,Wolcott,3277.11,68,2075
"9,003,870,702,009",2009,Windsor Locks,6476.48,84,1297
"9,011,159,102,008",2008,Colchester,1902.04,40,2103
"9,005,679,602,010",2010,Sharon,4090.91,9,220
"9,011,442,102,002",2002,Lyme,,,
"9,003,248,002,001",2001,East Windsor,,,
"9,003,447,002,006",2006,Manchester,20638.73,1118,5417
"9,005,797,202,003",2003,Washington,2721.09,12,441
"9,011,442,102,004",2004,Lyme,0,0,217
"9,005,664,202,010",2010,Salisbury,593.47,2,337
"9,013,449,102,006",2006,Mansfield,5650.56,76,1345
"9,007,407,101,998",1998,Killingworth,,,
"9,001,639,702,010",2010,Ridgefield,760.07,30,3947
"9,001,188,502,007",2007,Darien,926.52,29,3130
"9,013,164,002,008",2008,Columbia,4455.45,27,606
"9,001,681,702,010",2010,Shelton,1651.72,70,4238
"9,003,870,002,009",2009,Windsor,5756.28,188,3266
"9,013,253,602,001",2001,Ellington,,,
"9,015,881,901,999",1999,Woodstock,,,
"9,007,191,302,007",2007,Deep River,7942.97,39,491
"9,005,082,101,999",1999,Bridgewater,,,
"9,015,674,002,010",2010,Scotland,956.94,2,209
"9,003,458,202,006",2006,Marlborough,1703.8,13,763
"9,009,877,002,009",2009,Woodbridge,1863.86,23,1234
"9,013,010,802,000",2000,Andover,,,
"9,001,683,102,010",2010,Sherman,0,0,460
"9,003,259,902,001",2001,Enfield,,,
"9,005,372,801,998",1998,Harwinton,,,
"9,015,218,602,000",2000,Eastford,,,
"9,005,109,402,009",2009,Canaan,7272.73,8,110
"9,009,465,202,006",2006,Meriden,10201,675,6617
"9,015,360,002,006",2006,Hampton,500,1,200
"9,009,195,502,007",2007,Derby,6820.12,80,1173
"9,013,178,002,008",2008,Coventry,1835.49,27,1471
"92,008",2008,Connecticut,5621.16,21850,388710
"9,009,012,202,000",2000,Ansonia,,,
"9,015,734,202,006",2006,Sterling,2398.08,10,417
"9,007,208,102,007",2007,Durham,2388.06,24,1005
"9,007,262,702,001",2001,Essex,,,
"9,005,402,901,998",1998,Kent,,,
"9,015,014,302,000",2000,Ashford,,,
"9,007,470,802,006",2006,Middlefield,1890.36,10,529
"9,003,220,702,007",2007,East Granby,1650.17,10,606
"9,007,180,802,008",2008,Cromwell,10754.99,151,1404
"9,001,266,202,001",2001,Fairfield,,,
"9,007,262,702,000",2000,Essex,,,
"9,001,185,002,008",2008,Danbury,6141.48,428,6969
"9,003,020,602,000",2000,Avon,,,
"9,007,473,602,006",2006,Middletown,7265.92,291,4005
"9,015,405,001,998",1998,Killingly,,,
"9,009,469,402,002",2002,Middlebury,,,
"9,003,276,002,001",2001,Farmington,,,
"9,007,222,802,007",2007,East Haddam,2281.75,23,1008
"9,005,109,401,999",1999,Canaan,,,
"9,005,027,602,000",2000,Barkhamsted,,,
"9,009,475,352,006",2006,Milford,4372.62,230,5260
"9,007,224,902,007",2007,East Hampton,2787.71,39,1399
"9,001,188,502,008",2008,Darien,707.47,23,3251
"9,015,138,102,009",2009,Chaplin,4721.03,11,233
"9,003,312,402,001",2001,Glastonbury,,,
"9,009,195,502,008",2008,Derby,5008.49,59,1178
"9,015,121,301,999",1999,Canterbury,,,
"9,001,486,202,006",2006,Monroe,445.77,12,2692
"9,003,043,002,000",2000,Berlin,,,
"9,015,610,302,001",2001,Pomfret,,,
"9,003,326,402,001",2001,Granby,,,
"9,003,226,302,007",2007,East Hartford,8852.52,476,5377
"9,007,208,102,008",2008,Durham,1966.57,20,1017
"9,005,322,902,000",2000,Goshen,,,
"9,011,489,002,006",2006,Montville,3804.35,77,2024
"9,001,047,202,000",2000,Bethel,,,
"9,001,336,202,001",2001,Greenwich,,,
"9,009,229,102,007",2007,East Haven,6928.57,194,2800
"9,003,220,702,008",2008,East Granby,1797.39,11,612
"9,015,138,101,999",1999,Chaplin,,,
"9,009,499,502,006",2006,Naugatuck,2420.45,89,3677
"9,003,059,102,000",2000,Bloomfield,,,
"9,011,339,002,001",2001,Griswold,,,
"9,009,696,402,001",2001,Southbury,,,
"9,011,234,002,007",2007,East Lyme,2048.13,40,1953
"9,007,222,802,008",2008,East Haddam,2745.1,28,1020
"9,011,342,502,001",2001,Groton,,,
"9,003,504,402,006",2006,New Britain,12843.91,957,7451
"9,013,062,602,000",2000,Bolton,,,
"9,001,505,802,006",2006,New Canaan,656.6,20,3046
"9,003,248,002,007",2007,East Windsor,5445.54,55,1010
"9,003,370,701,998",1998,Hartford,,,
"9,007,143,001,999",1999,Chester,,,
"9,001,238,902,007",2007,Easton,1477.38,16,1083
"9,007,224,902,008",2008,East Hampton,2485.8,35,1408
"9,011,068,202,000",2000,Bozrah,,,
"9,009,349,502,001",2001,Guilford,,,
"9,011,621,502,001",2001,Preston,,,
"9,013,778,302,006",2006,Union,0,0,70
"9,007,352,302,001",2001,Haddam,,,
"9,001,508,602,006",2006,New Fairfield,2395.21,48,2004
"9,013,253,602,007",2007,Ellington,831.85,14,1683
"9,003,226,302,008",2008,East Hartford,7342.85,396,5393
"9,005,513,502,006",2006,New Hartford,2275.6,18,791
"9,009,073,102,000",2000,Branford,,,
"9,009,229,102,008",2008,East Haven,4018.66,112,2787
"9,009,356,502,001",2001,Hamden,,,
"9,015,360,002,000",2000,Hampton,,,
"9,015,360,001,998",1998,Hampton,,,
"9,009,520,702,006",2006,New Haven,14793.45,1923,12999
"9,001,080,702,000",2000,Bridgeport,,,
"9,003,259,902,007",2007,Enfield,9761.09,429,4395
"9,005,160,501,999",1999,Colebrook,,,
"9,003,370,702,001",2001,Hartford,,,
"9,007,143,002,009",2009,Chester,1654.85,7,423
"9,001,266,202,007",2007,Fairfield,1025.8,68,6629
"9,011,234,002,008",2008,East Lyme,2610.03,51,1954
"9,011,523,502,006",2006,New London,9172.08,226,2464
"9,003,084,902,000",2000,Bristol,,,
"9,003,371,402,000",2000,Hartland,,,
"9,005,372,802,001",2001,Harwinton,,,
"9,003,276,002,007",2007,Farmington,7684.21,219,2850
"9,003,248,002,008",2008,East Windsor,7440.48,75,1008
"9,007,352,301,998",1998,Haddam,,,
"9,005,526,302,006",2006,New Milford,2521.51,85,3371
"9,001,089,802,000",2000,Brookfield,,,
"9,005,160,502,009",2009,Colebrook,0,0,180
"9,001,238,902,008",2008,Easton,2522.52,28,1110
"9,013,379,102,001",2001,Hebron,,,
"9,011,786,002,006",2006,Voluntown,1048.95,3,286
"9,003,312,402,007",2007,Glastonbury,2153.22,95,4412
"9,003,521,402,006",2006,Newington,4068.15,117,2876
"9,009,349,501,998",1998,Guilford,,,
"9,013,253,602,008",2008,Ellington,760.68,13,1709
"9,015,405,002,001",2001,Killingly,,,
"9,005,172,401,999",1999,Cornwall,,,
"9,003,326,402,007",2007,Granby,2726.65,40,1467
"9,001,834,302,003",2003,Weston,918.64,14,1524
"9,003,101,002,000",2000,Burlington,,,
"9,015,091,902,000",2000,Brooklyn,,,
"9,003,259,902,008",2008,Enfield,10852.53,471,4340
"9,007,407,102,001",2001,Killingworth,,,
"9,001,529,802,006",2006,Newtown,1859.84,69,3710
"9,001,336,202,007",2007,Greenwich,2837.55,211,7436
"9,013,778,302,008",2008,Union,2739.73,2,73
"9,005,795,102,006",2006,Warren,0,0,149
"9,009,538,902,006",2006,North Branford,3274.71,54,1649
"9,015,121,302,000",2000,Canterbury,,,
"9,005,797,202,006",2006,Washington,2227.72,9,404
"9,001,266,202,008",2008,Fairfield,1119.79,76,6787
"9,011,423,902,001",2001,Lebanon,,,
"9,011,339,002,007",2007,Griswold,2800.91,37,1321
"9,013,164,002,009",2009,Columbia,4262.3,26,610
"9,005,659,302,001",2001,Roxbury,,,
"9,005,540,302,006",2006,North Canaan,2486.19,9,362
"9,011,342,501,998",1998,Groton,,,
"9,003,122,702,000",2000,Canton,,,
"9,011,432,302,000",2000,Lisbon,,,
"9,011,342,502,007",2007,Groton,1301.78,44,3380
"9,003,276,002,008",2008,Farmington,7716.48,221,2864
"9,011,426,002,001",2001,Ledyard,,,
"9,009,141,602,000",2000,Cheshire,,,
"9,007,191,301,999",1999,Deep River,,,
"9,009,548,702,006",2006,North Haven,1006.19,26,2584
"9,009,349,502,007",2007,Guilford,5389.44,146,2709
"9,003,312,402,008",2008,Glastonbury,1682.53,76,4517
"9,005,433,702,001",2001,Litchfield,,,
"9,011,442,102,000",2000,Lyme,,,
"9,007,153,502,000",2000,Clinton,,,
"9,009,445,602,001",2001,Madison,,,
"9,011,555,002,006",2006,North Stonington,6779.66,40,590
"9,007,352,302,007",2007,Haddam,1528.38,14,916
"9,011,339,001,998",1998,Griswold,,,
"9,001,560,602,006",2006,Norwalk,5949.27,455,7648
"9,011,159,102,000",2000,Colchester,,,
"9,011,662,102,001",2001,Salem,,,
"9,003,447,002,001",2001,Manchester,,,
"9,009,356,502,007",2007,Hamden,7824.64,423,5406
"9,001,336,202,008",2008,Greenwich,2171.05,165,7600
"9,011,555,002,002",2002,North Stonington,,,
"9,011,562,702,006",2006,Norwich,8579.22,346,4033
"9,005,534,702,004",2004,Norfolk,3846.15,7,182
"92,000",2000,Connecticut,,,
"9,013,449,102,001",2001,Mansfield,,,
"9,003,370,702,007",2007,Hartford,13140.92,1935,14725
"9,003,326,402,008",2008,Granby,2404.81,36,1497
"9,015,674,002,001",2001,Scotland,,,
"9,011,786,002,008",2008,Voluntown,711.74,2,281
"9,013,178,002,000",2000,Coventry,,,
"9,011,339,002,008",2008,Griswold,3030.3,40,1320
"9,001,336,201,998",1998,Greenwich,,,
"9,007,573,202,006",2006,Old Saybrook,4095.24,43,1050
"9,003,371,402,007",2007,Hartland,851.06,2,235
"9,011,342,502,008",2008,Groton,1742.26,58,3329
"9,003,326,401,998",1998,Granby,,,
"9,003,458,202,001",2001,Marlborough,,,
"9,009,469,402,000",2000,Middlebury,,,
"9,007,180,802,000",2000,Cromwell,,,
"9,009,465,202,001",2001,Meriden,,,
"9,009,576,002,006",2006,Orange,2424.6,41,1691
"9,009,356,501,998",1998,Hamden,,,
"9,009,349,502,008",2008,Guilford,5774.18,157,2719
"9,009,583,002,006",2006,Oxford,725.69,10,1378
"9,007,470,802,000",2000,Middlefield,,,
"9,005,679,602,001",2001,Sharon,,,
"9,005,322,901,998",1998,Goshen,,,
"9,009,469,402,001",2001,Middlebury,,,
"9,005,172,402,009",2009,Cornwall,1226.99,2,163
"9,013,379,102,007",2007,Hebron,1328.41,18,1355
"9,001,185,002,000",2000,Danbury,,,
"9,015,599,802,006",2006,Plainfield,4512.53,81,1795
"9,001,188,502,000",2000,Darien,,,
"9,007,352,302,008",2008,Haddam,2045.21,19,929
"9,005,372,802,007",2007,Harwinton,1190.48,8,672
"9,007,470,802,001",2001,Middlefield,,,
"9,009,356,502,008",2008,Hamden,8082.12,437,5407
"9,003,601,202,006",2006,Plainville,14613.18,255,1745
"9,001,683,102,001",2001,Sherman,,,
"9,007,191,302,000",2000,Deep River,,,
"9,003,312,401,998",1998,Glastonbury,,,
"9,007,473,602,001",2001,Middletown,,,
"9,015,405,002,007",2007,Killingly,5490.41,103,1876
"9,015,218,601,999",1999,Eastford,,,
"9,005,607,502,006",2006,Plymouth,2565.88,37,1442
"9,007,407,102,007",2007,Killingworth,1153.85,9,780
"9,003,370,702,008",2008,Hartford,12985.94,1894,14585
"9,013,449,102,005",2005,Mansfield,,,
"9,009,195,502,000",2000,Derby,,,
"9,015,674,001,999",1999,Scotland,,,
"9,003,689,402,010",2010,Simsbury,1553.23,55,3541
"9,011,737,702,003",2003,Stonington,5251.64,96,1828
"9,003,458,202,005",2005,Marlborough,,,
"9,001,681,702,004",2004,Shelton,2785.11,116,4165
"9,007,208,102,000",2000,Durham,,,
"9,003,276,001,998",1998,Farmington,,,
"9,001,741,902,003",2003,Stratford,5251.23,278,5294
"9,009,465,202,005",2005,Meriden,,,
"9,007,470,801,999",1999,Middlefield,,,
"9,001,266,201,998",1998,Fairfield,,,
"9,005,679,601,999",1999,Sharon,,,
"9,003,713,902,010",2010,South Windsor,1957.88,66,3371
"9,005,757,302,003",2003,Thomaston,2310.23,21,909
"9,007,473,601,999",1999,Middletown,,,
"9,007,573,201,999",1999,Old Saybrook,,,
"9,009,469,402,005",2005,Middlebury,,,
"9,013,692,202,004",2004,Somers,2037.2,23,1129
"9,007,222,802,000",2000,East Haddam,,,
"9,003,220,702,000",2000,East Granby,,,
"9,007,262,701,998",1998,Essex,,,
"9,013,692,202,010",2010,Somers,1464.25,17,1161
"9,015,758,702,003",2003,Thompson,3047.09,33,1083
"9,009,475,351,999",1999,Milford,,,
"9,007,470,802,005",2005,Middlefield,,,
"9,003,713,902,004",2004,South Windsor,4041.03,130,3217
"9,007,224,902,000",2000,East Hampton,,,
"9,001,683,101,999",1999,Sherman,,,
"9,003,705,502,010",2010,Southington,2497.83,115,4604
"9,001,486,201,999",1999,Monroe,,,
"9,009,696,402,010",2010,Southbury,1496.6,33,2205
"9,003,689,402,004",2004,Simsbury,2503.77,83,3315
"9,005,082,102,002",2002,Bridgewater,,,
"9,003,259,901,998",1998,Enfield,,,
"9,003,226,302,000",2000,East Hartford,,,
"9,007,473,602,005",2005,Middletown,,,
"9,005,765,702,003",2003,Torrington,6914.46,253,3659
"9,013,762,902,003",2003,Tolland,1282.05,23,1794
"9,013,253,601,998",1998,Ellington,,,
"9,009,475,352,005",2005,Milford,,,
"9,003,705,502,004",2004,Southington,3933.7,178,4525
"9,009,229,102,000",2000,East Haven,,,
"9,011,489,001,999",1999,Montville,,,
"9,009,696,402,004",2004,Southbury,1924.93,40,2078
"9,013,720,902,010",2010,Stafford,2081.78,28,1345
"9,013,720,902,004",2004,Stafford,1689.93,23,1361
"9,011,716,702,010",2010,Sprague,1967.21,6,305
"9,015,014,302,009",2009,Ashford,819.67,4,488
"9,001,238,901,998",1998,Easton,,,
"9,001,772,002,003",2003,Trumbull,6802.4,284,4175
"9,011,234,002,000",2000,East Lyme,,,
"9,011,570,402,006",2006,Old Lyme,595.95,5,839
"9,009,499,501,999",1999,Naugatuck,,,
"9,001,730,702,004",2004,Stamford,5169.34,551,10659
"9,011,489,002,005",2005,Montville,,,
"9,013,782,502,003",2003,Vernon,6734.77,178,2643
"9,015,218,601,998",1998,Eastford,,,
"9,015,734,202,010",2010,Sterling,0,0,439
"9,011,737,702,004",2004,Stonington,7278.65,134,1841
"9,003,248,002,000",2000,East Windsor,,,
"9,001,486,202,005",2005,Monroe,,,
"9,009,499,502,005",2005,Naugatuck,,,
"9,009,787,402,003",2003,Wallingford,3569.15,168,4707
"9,015,121,301,998",1998,Canterbury,,,
"9,003,504,401,999",1999,New Britain,,,
"9,001,505,801,999",1999,New Canaan,,,
"9,001,730,702,010",2010,Stamford,4280.71,477,11143
"9,011,716,701,999",1999,Sprague,,,
"9,001,238,902,000",2000,Easton,,,
"9,003,248,001,998",1998,East Windsor,,,
"9,003,504,402,005",2005,New Britain,,,
"9,009,800,702,003",2003,Waterbury,15474.43,1882,12162
"9,013,253,602,000",2000,Ellington,,,
"9,009,583,001,999",1999,Oxford,,,
"9,003,745,402,004",2004,Suffield,2589,40,1545
"9,001,741,902,004",2004,Stratford,5389.67,287,5325
"9,005,109,402,002",2002,Canaan,,,
"9,001,505,802,005",2005,New Canaan,,,
"9,001,508,601,999",1999,New Fairfield,,,
"9,005,795,102,005",2005,Warren,,,
"9,011,737,702,010",2010,Stonington,2245.43,43,1915
"9,005,757,302,004",2004,Thomaston,2074.24,19,916
"9,011,234,001,998",1998,East Lyme,,,
"9,009,576,002,000",2000,Orange,,,
"9,003,259,902,000",2000,Enfield,,,
"9,001,508,602,005",2005,New Fairfield,,,
"9,005,804,902,003",2003,Watertown,2808.11,72,2564
"9,009,229,101,998",1998,East Haven,,,
"9,005,797,202,005",2005,Washington,,,
"9,001,741,902,010",2010,Stratford,3757.49,207,5509
"9,003,825,902,003",2003,West Hartford,9801.86,653,6662
"9,003,745,402,010",2010,Suffield,1152.74,20,1735
"9,015,734,201,999",1999,Sterling,,,
"9,005,513,502,005",2005,New Hartford,,,
"9,011,802,802,003",2003,Waterford,10460.05,216,2065
"9,003,276,002,000",2000,Farmington,,,
"9,009,520,701,999",1999,New Haven,,,
"9,013,762,902,004",2004,Tolland,1308.62,24,1834
"9,015,758,702,004",2004,Thompson,1850.14,20,1081
"9,003,705,502,001",2001,Southington,,,
"9,015,610,302,000",2000,Pomfret,,,
"9,015,599,801,999",1999,Plainfield,,,
"9,003,226,301,998",1998,East Hartford,,,
"9,007,224,901,998",1998,East Hampton,,,
"9,005,513,501,999",1999,New Hartford,,,
"9,011,299,102,000",2000,Franklin,,,
"9,015,627,102,001",2001,Putnam,,,
"9,005,765,702,004",2004,Torrington,6736.32,245,3637
"9,009,828,702,003",2003,West Haven,8661.42,462,5334
"9,015,138,102,002",2002,Chaplin,,,
"9,001,266,202,000",2000,Fairfield,,,
"9,011,523,502,005",2005,New London,,,
"9,007,816,802,003",2003,Westbrook,5182.93,34,656
"9,003,601,201,999",1999,Plainville,,,
"9,005,757,302,010",2010,Thomaston,2301.26,22,956
"9,007,222,801,998",1998,East Haddam,,,
"9,011,621,502,000",2000,Preston,,,
"9,001,772,002,004",2004,Trumbull,6374.97,271,4251
"9,007,470,802,008",2008,Middlefield,924.21,5,541
"9,009,520,702,005",2005,New Haven,,,
"9,005,526,302,005",2005,New Milford,,,
"9,003,312,402,000",2000,Glastonbury,,,
"9,015,758,702,010",2010,Thompson,1491.15,16,1073
"9,005,607,501,999",1999,Plymouth,,,
"9,005,757,301,999",1999,Thomaston,,,
"9,013,782,502,004",2004,Vernon,5844.16,153,2618
"9,001,835,002,003",2003,Westport,1290.72,42,3254
"9,005,765,702,010",2010,Torrington,5932.69,208,3506
"9,009,032,502,009",2009,Beacon Falls,2698.65,18,667
"9,003,521,402,005",2005,Newington,,,
"9,003,326,402,000",2000,Granby,,,
"9,001,634,802,000",2000,Redding,,,
"9,013,762,902,010",2010,Tolland,723.59,15,2073
"9,013,778,302,010",2010,Union,0,0,76
"9,009,787,402,004",2004,Wallingford,4060.37,191,4704
"9,003,220,701,998",1998,East Granby,,,
"9,007,208,101,998",1998,Durham,,,
"9,001,529,802,005",2005,Newtown,,,
"9,001,336,202,000",2000,Greenwich,,,
"9,007,143,002,002",2002,Chester,,,
"9,003,849,002,003",2003,Wethersfield,4457.05,110,2468
"9,001,772,002,010",2010,Trumbull,4502.02,212,4709
"9,009,800,702,004",2004,Waterbury,12820.09,1572,12262
"9,007,618,001,999",1999,Portland,,,
"9,009,622,901,999",1999,Prospect,,,
"9,009,538,902,005",2005,North Branford,,,
"9,011,339,002,000",2000,Griswold,,,
"9,005,659,302,000",2000,Roxbury,,,
"9,009,195,501,998",1998,Derby,,,
"9,011,802,802,004",2004,Waterford,10538.98,219,2078
"9,001,863,702,003",2003,Wilton,853.37,22,2578
"9,013,782,502,010",2010,Vernon,3964.4,98,2472
"9,001,634,802,001",2001,Redding,,,
"9,005,540,302,005",2005,North Canaan,,,
"9,011,342,502,000",2000,Groton,,,
"9,007,191,301,998",1998,Deep River,,,
"9,013,778,301,999",1999,Union,,,
"9,015,627,101,999",1999,Putnam,,,
"9,005,804,902,004",2004,Watertown,2888.37,74,2562
"9,005,864,402,003",2003,Winchester,6958.76,81,1164
"9,009,045,802,009",2009,Bethany,543.48,4,736
"9,011,662,102,000",2000,Salem,,,
"9,009,548,702,005",2005,North Haven,,,
"9,009,349,502,000",2000,Guilford,,,
"9,001,634,801,999",1999,Redding,,,
"9,001,188,501,998",1998,Darien,,,
"9,011,786,002,010",2010,Voluntown,0,0,275
"9,003,825,902,004",2004,West Hartford,9669.74,650,6722
"9,015,867,902,003",2003,Windham,1699.35,39,2295
"9,013,859,502,003",2003,Willington,1263.82,8,633
"9,011,555,002,005",2005,North Stonington,,,
"9,007,352,302,000",2000,Haddam,,,
"9,007,816,802,005",2005,Westbrook,,,
"9,005,160,502,002",2002,Colebrook,,,
"9,009,828,702,004",2004,West Haven,3202.71,170,5308
"9,003,870,002,003",2003,Windsor,9384.43,311,3314
"9,005,795,102,010",2010,Warren,1212.12,2,165
"9,001,639,701,999",1999,Ridgefield,,,
"9,001,560,602,005",2005,Norwalk,,,
"9,009,356,502,000",2000,Hamden,,,
"9,009,787,402,010",2010,Wallingford,2497.33,117,4685
"9,009,800,702,010",2010,Waterbury,8234.84,1059,12860
"9,007,816,802,004",2004,Westbrook,2865.76,19,663
"9,001,185,001,998",1998,Danbury,,,
"9,007,180,801,998",1998,Cromwell,,,
"9,011,562,702,005",2005,Norwich,,,
"9,003,370,702,000",2000,Hartford,,,
"9,015,610,302,006",2006,Pomfret,183.15,1,546
"9,005,795,101,999",1999,Warren,,,
"9,001,834,302,004",2004,Weston,1405.75,22,1565
"9,003,653,701,999",1999,Rocky Hill,,,
"9,005,664,201,999",1999,Salisbury,,,
"9,007,573,202,005",2005,Old Saybrook,,,
"9,005,372,802,000",2000,Harwinton,,,
"9,001,683,102,000",2000,Sherman,,,
"9,015,674,002,000",2000,Scotland,,,
"9,001,639,702,001",2001,Ridgefield,,,
"9,013,178,001,998",1998,Coventry,,,
"9,001,835,002,004",2004,Westport,2164.89,73,3372
"9,009,877,002,003",2003,Woodbridge,240.19,3,1249
"9,011,802,802,010",2010,Waterford,8812.62,190,2156
"9,003,870,702,003",2003,Windsor Locks,7024.17,93,1324
"9,009,576,002,005",2005,Orange,,,
"9,013,379,102,000",2000,Hebron,,,
"9,005,172,401,998",1998,Cornwall,,,
"9,005,172,402,002",2002,Cornwall,,,
"9,003,849,002,004",2004,Wethersfield,5280,132,2500
"9,015,218,602,003",2003,Eastford,1025.64,2,195
"9,005,804,902,010",2010,Watertown,3764.71,96,2550
"9,005,679,602,000",2000,Sharon,,,
"9,009,583,002,005",2005,Oxford,,,
"9,009,676,101,999",1999,Seymour,,,
"9,001,681,701,999",1999,Shelton,,,
"91,998",1998,Connecticut,,,
"9,009,828,702,010",2010,West Haven,4639.88,239,5151
"9,013,859,502,004",2004,Willington,1271.86,8,629
"9,005,402,902,000",2000,Kent,,,
"9,015,405,002,000",2000,Killingly,,,
"9,015,599,802,005",2005,Plainfield,,,
"9,005,879,102,003",2003,Woodbury,2754.04,29,1053
"9,015,881,902,003",2003,Woodstock,1525.94,15,983
"9,003,825,902,010",2010,West Hartford,4447.9,315,7082
"9,001,863,702,004",2004,Wilton,874.86,23,2629
"9,009,875,602,003",2003,Wolcott,5114.82,98,1916
"9,007,407,102,000",2000,Killingworth,,,
"9,003,689,401,999",1999,Simsbury,,,
"9,003,601,202,005",2005,Plainville,,,
"9,013,164,001,998",1998,Columbia,,,
"9,011,716,702,000",2000,Sprague,,,
"9,013,010,802,004",2004,Andover,255.1,1,392
"9,015,218,602,004",2004,Eastford,2590.67,5,193
"9,005,864,402,004",2004,Winchester,5882.35,68,1156
"9,009,012,202,004",2004,Ansonia,8400,168,2000
"9,011,423,902,000",2000,Lebanon,,,
"9,005,494,602,008",2008,Morris,1107.01,3,271
"9,005,607,502,005",2005,Plymouth,,,
"9,013,692,201,999",1999,Somers,,,
"9,005,160,501,998",1998,Colebrook,,,
"9,007,191,302,002",2002,Deep River,,,
"9,007,262,702,003",2003,Essex,3200,20,625
"9,015,867,902,004",2004,Windham,1478.9,34,2299
"9,015,014,302,004",2004,Ashford,800,4,500
"9,003,713,901,999",1999,South Windsor,,,
"9,015,610,302,005",2005,Pomfret,,,
"9,003,020,602,004",2004,Avon,1173.16,25,2131
"9,007,816,802,010",2010,Westbrook,1983,14,706
"9,003,653,702,001",2001,Rocky Hill,,,
"9,011,426,002,000",2000,Ledyard,,,
"9,003,870,002,004",2004,Windsor,8832.43,292,3306
"9,005,049,302,009",2009,Bethlehem,1366.74,6,439
"9,001,835,002,010",2010,Westport,1126.35,46,4084
"9,015,734,202,000",2000,Sterling,,,
"9,009,696,401,999",1999,Southbury,,,
"9,011,159,101,998",1998,Colchester,,,
"9,011,299,101,998",1998,Franklin,,,
"9,001,834,302,010",2010,Weston,275.79,5,1813
"9,007,618,002,005",2005,Portland,,,
"9,009,032,502,004",2004,Beacon Falls,4658.39,30,644
"9,005,027,602,004",2004,Barkhamsted,4109.59,18,438
"9,005,797,202,010",2010,Washington,3389.83,12,354
"9,011,621,502,005",2005,Preston,,,
"9,003,870,702,004",2004,Windsor Locks,5761.94,76,1319
"9,003,122,701,998",1998,Canton,,,
"9,003,220,702,002",2002,East Granby,,,
"9,009,445,602,000",2000,Madison,,,
